,WnvPresent
13135,0
10416,0
3231,0
10650,0
12413,0
2484,0
9344,0
13306,0
4590,1
952,0
12576,0
13934,0
3409,0
10064,0
7201,1
1718,0
7200,1
10865,0
6728,0
14341,0
9431,0
11519,0
11481,1
9197,0
13577,0
2564,0
14893,0
1146,0
1937,0
11526,0
1031,0
3884,0
6253,1
5697,1
8742,0
6545,1
3336,0
10399,0
3858,0
96,0
14451,0
3130,1
2474,0
3931,0
2627,0
3773,0
5932,0
2239,0
11079,0
8247,0
5880,0
14817,1
11792,0
3027,0
9209,0
2389,0
13505,0
6462,0
1592,0
2391,0
3082,0
5963,0
10021,0
5082,0
8823,0
11471,0
5706,0
10266,0
15763,0
2901,0
4099,0
12887,0
13085,0
2540,0
11230,0
9798,0
14402,0
12487,1
2354,0
15456,1
14317,0
12947,0
13127,0
4184,0
13391,0
2576,0
8057,0
10236,1
10710,1
13840,0
9681,1
10898,0
1281,1
13444,1
8517,0
6480,0
8344,1
13078,0
5478,0
10099,0
9271,0
7840,0
415,1
15394,0
6312,0
14307,1
710,0
7303,0
3528,0
4503,1
2528,0
13176,0
9368,0
10861,0
2893,1
11771,0
15730,1
8449,0
12332,0
12774,0
4091,0
10467,0
2888,0
13026,0
1523,1
13942,0
5914,0
13143,0
1406,0
7883,0
6613,1
13778,0
5849,0
7075,0
1811,0
5508,1
9425,0
11763,1
11782,0
10776,0
10338,1
14623,0
14834,1
14604,0
10911,0
1486,0
5762,0
13004,0
774,0
1631,0
6074,0
6740,0
469,0
7923,1
9056,0
11399,0
13633,0
7639,0
15859,1
10536,0
598,0
4562,0
8241,0
8763,0
7911,0
4659,0
1905,1
7613,0
8866,1
4684,1
8153,0
14221,0
8700,0
10761,0
13767,0
9593,0
5079,0
6266,1
11285,0
5642,1
8366,0
6286,1
5872,0
10981,0
13809,0
9512,0
2837,0
9620,1
3757,0
3218,1
3573,0
3132,1
7199,1
3520,1
14940,1
2588,1
3338,0
4695,0
14566,0
3353,0
4308,0
1758,0
12409,0
11073,0
852,0
1494,0
9027,0
8796,0
2464,0
13826,0
11452,1
14529,1
8250,0
7908,0
7971,1
2332,0
8624,0
4608,0
15516,0
8025,0
7061,0
500,1
13465,0
6723,0
15828,0
1046,0
9186,0
2633,1
7924,0
9843,0
7399,0
8744,0
15840,0
13697,0
8278,0
7369,1
12893,0
10742,0
777,0
11619,1
5921,0
12277,0
4019,0
1194,0
14732,0
51,0
5250,0
2304,0
8444,0
14977,0
6315,1
1113,1
2982,0
656,0
3254,0
6143,0
4921,0
1187,0
15888,0
11973,0
13969,1
565,0
4118,0
11026,1
840,0
3888,1
1642,0
14665,0
12727,0
9063,0
2666,1
1972,0
7471,0
8809,0
1149,0
4783,0
4092,0
11027,1
11573,0
765,0
5215,0
8402,0
14727,0
3872,0
6389,0
11236,0
13054,0
2620,1
8486,0
10032,0
3026,0
9929,0
4102,1
8035,0
15123,0
12023,0
2022,0
8746,0
10224,0
13175,0
2685,0
10018,0
13947,0
7752,1
911,0
11848,0
8727,0
13606,0
8732,1
1345,1
1444,0
8416,0
3499,0
15288,0
5770,1
13496,0
9937,0
2422,0
13322,0
2732,1
80,0
4217,0
14308,1
11178,0
5396,0
11347,1
12606,0
13408,0
4739,0
10762,0
1572,0
13890,0
879,0
1578,0
7359,0
1509,0
1896,0
7144,1
10436,0
4112,0
9051,0
1845,0
5612,1
6045,1
13984,0
12715,1
14804,0
12681,0
4742,0
6178,0
14846,1
14036,0
12976,0
10068,0
15072,0
6162,0
12349,0
3614,0
5403,0
2108,0
10481,1
7978,0
15935,1
8829,1
4696,0
10843,0
8522,1
14663,1
9478,0
6148,0
14121,0
12925,0
13330,1
13733,1
4325,0
3219,1
8410,0
14981,0
10114,0
10856,0
1193,0
45,1
7820,0
976,0
13469,0
5688,0
2963,0
10087,0
1584,0
6373,0
4515,0
13678,0
10362,0
1975,0
3912,1
5274,0
14827,0
15324,0
4411,0
14690,0
9479,0
13522,1
10630,1
12940,0
9592,0
2840,0
11094,0
14537,0
11527,0
6576,0
7066,0
15204,0
10656,0
6023,0
8109,0
10274,0
13308,0
7523,0
4505,1
7731,0
37,0
576,0
13231,0
3988,0
15269,0
713,0
15375,0
12410,0
14585,0
5183,0
8821,0
2335,0
4899,1
7482,1
4420,0
10056,1
8741,0
5069,0
881,0
4900,0
7728,0
567,0
12555,0
15420,0
2245,0
7584,1
9635,0
4165,0
14301,1
8550,0
13827,0
9240,0
239,1
5967,0
9377,1
10172,0
10298,0
1597,0
13851,0
6717,0
13513,1
1901,0
1180,0
15408,1
6062,0
4302,0
3006,1
10092,0
2781,0
13096,0
14911,0
14598,0
14239,0
5871,0
7947,0
5121,0
6075,0
10189,1
2829,1
7819,0
12141,0
14014,1
8824,0
4219,0
15257,0
13729,1
15315,0
6194,0
3413,0
13002,0
906,0
15817,0
3693,0
14875,0
3118,0
15427,0
11290,0
6920,0
14983,0
6151,0
8965,1
5768,1
12054,0
9931,0
295,0
6517,0
7120,0
10163,0
1785,0
4382,0
15214,0
12440,0
1284,1
12816,0
1362,0
8638,1
13540,0
4454,0
15490,0
10597,0
14452,0
549,0
14628,0
6092,0
13595,0
3574,0
7163,0
12272,0
4352,0
7765,0
2648,0
2586,1
11598,1
4889,0
13988,0
3160,0
8292,0
3182,0
11748,0
3480,1
2377,0
7176,0
9659,0
11373,0
7700,1
8774,1
7918,1
10683,0
8893,0
8485,0
14675,0
14526,1
11875,0
14617,0
6195,0
8743,0
12002,1
9149,0
14972,0
13619,0
10377,0
4955,1
1613,0
10972,0
8739,0
14686,0
6393,0
2015,1
7612,0
7793,1
11298,0
6081,0
5329,0
14539,0
2981,0
9854,0
12919,0
13999,0
243,1
4878,1
5746,0
106,0
10269,0
7573,0
14170,0
14701,0
14216,0
4830,0
7809,0
5344,0
5202,1
13556,0
10550,0
4605,0
8621,1
6824,0
11189,0
3960,0
3873,0
179,1
12799,0
6319,1
6572,0
10939,0
4793,1
9699,1
12059,0
8372,0
10428,1
29,0
2801,0
7816,0
6451,0
2922,0
12524,0
4664,0
13735,0
8675,1
8803,0
1245,1
8117,0
4053,0
15708,0
4412,0
108,0
14912,0
6951,0
9158,1
13492,1
12008,1
15215,0
15876,0
9258,0
4394,0
9767,0
13567,0
6834,0
10741,0
4348,0
14613,1
5987,0
8349,1
1158,0
13860,0
8046,0
9366,0
6392,0
14870,0
973,0
13601,0
4299,0
7626,0
3653,0
15312,0
12969,0
8248,0
3088,0
6223,0
8460,0
7068,0
14117,0
14784,1
10,0
2647,0
12590,0
1426,0
12928,0
3265,1
12568,0
12758,0
4814,0
9019,0
10307,0
1215,0
12711,0
14840,1
9840,0
14270,0
9841,0
7625,0
323,0
1344,1
4457,0
372,1
909,0
10995,0
7337,0
3399,1
496,0
9978,1
8797,0
12404,0
7791,1
13684,0
3470,0
5302,0
14072,1
15815,0
4365,0
11060,0
1195,0
11941,0
4953,1
9559,1
1423,0
6244,0
256,0
13497,0
9684,1
288,0
7132,1
15724,0
9157,1
10768,0
7293,0
4484,1
9617,0
12939,0
9453,0
7407,0
1232,0
9321,1
6329,0
8786,0
2675,0
1112,1
15748,0
7919,1
12791,1
11031,1
5524,1
267,0
11484,1
7387,0
6064,0
6442,0
10044,0
3048,0
7018,0
14807,0
1379,0
13371,0
14805,0
13347,0
4759,0
13388,1
12672,0
15866,0
3790,0
620,0
652,0
5999,0
8670,0
13394,0
3473,1
13188,0
5794,0
8377,0
7772,0
5019,0
15491,0
12554,0
2516,0
8293,0
12274,0
8051,0
14217,0
5286,0
9530,0
11539,0
8495,0
3603,1
9668,0
15212,0
6225,0
15113,0
1506,0
6921,0
13891,0
7828,0
11678,0
13229,0
15718,0
15603,0
4890,0
730,0
5440,1
6321,0
13203,0
8484,0
9118,0
1745,0
6109,0
3853,0
10310,0
5221,0
15612,0
2709,0
11489,0
3388,0
8074,0
13906,0
9176,0
13003,0
11086,0
8889,0
3126,0
1156,0
10494,0
32,0
12648,1
12427,0
1336,0
14461,1
6108,0
13724,0
9423,0
1610,0
939,0
9389,0
6137,0
4023,0
7105,1
14979,0
11790,0
745,0
4083,0
13731,1
15953,0
5582,0
2877,0
8291,0
4701,0
1741,0
9894,0
8437,0
2651,0
10280,0
11115,0
6454,0
3002,0
1821,1
9292,0
1330,0
13775,0
957,0
2110,0
6156,0
15126,0
4691,0
14115,0
1660,0
14795,0
8285,0
9415,0
15844,0
14269,0
655,0
12870,0
11554,0
14936,0
11376,0
13655,0
6586,0
2199,0
2960,0
4640,0
12313,1
5487,1
13937,0
12212,0
15918,0
7195,0
1405,0
6095,0
2625,0
9751,0
5943,0
5912,0
12462,0
3148,0
10585,0
2873,0
3916,0
12896,0
7738,0
11960,0
8661,0
76,0
5195,0
8165,0
15070,0
14883,0
4947,1
435,0
2260,1
1775,1
5843,1
6264,0
93,0
12769,0
10892,0
4007,0
15824,0
9362,1
7425,1
4810,0
3181,0
6621,0
1076,0
2338,0
10154,1
11360,1
1885,0
6733,0
14037,0
4323,0
5584,0
4949,1
10912,0
10673,1
6526,0
10654,0
2759,0
8627,0
9097,0
4030,0
3352,0
1437,0
1233,0
8928,0
4281,0
12745,0
7652,1
3102,1
2465,0
7541,0
15930,0
5404,1
11893,0
449,1
6444,0
13750,0
3621,0
2317,0
6912,0
2185,0
4477,0
1890,0
1155,0
6902,0
14137,0
9566,0
1728,0
5883,0
11482,1
2997,0
11609,0
5349,0
14879,0
6760,0
4392,0
9079,0
2503,0
12985,0
2463,1
10121,0
2846,0
9901,0
11673,0
1612,0
9541,0
2191,0
1729,0
4824,1
14494,0
15302,1
11135,0
5657,0
11366,0
12617,0
9773,0
15656,0
6281,0
14223,0
9950,0
4047,1
6271,1
11882,0
5298,0
2556,0
14158,1
4240,0
15837,0
14091,1
14564,0
2755,0
2492,0
3139,0
9100,0
6282,0
5234,0
7640,0
3272,0
13644,1
5273,0
15523,0
2889,0
5893,1
788,0
10384,0
13114,0
14867,0
11817,0
8031,0
2194,0
10950,0
5444,1
11755,0
3377,1
4527,0
14235,0
1780,1
7682,0
2959,0
12616,0
9902,0
349,1
6006,0
8076,0
3349,0
14939,1
42,1
801,0
3529,0
12079,0
981,0
3458,0
6725,0
6395,0
5173,0
8629,0
8655,1
6597,0
6880,1
3091,0
12190,0
10870,0
2756,0
8170,0
916,0
4617,0
5614,0
1616,0
6341,0
7937,0
2146,0
12420,1
1833,0
10144,0
6641,0
15511,1
3937,1
4714,0
6510,0
15575,0
5654,0
10359,0
11520,0
782,0
15887,0
13285,1
5632,0
8379,0
9979,1
13941,0
11028,1
10371,1
11899,0
4838,1
2401,0
15441,1
4205,0
4641,1
2152,0
15112,0
2947,0
10215,0
8168,0
3878,0
6762,0
14436,0
9053,0
5641,1
11618,1
10952,0
6994,1
6013,0
7142,1
3023,1
10669,1
3541,0
3279,0
7333,0
12162,1
7665,0
15245,0
9345,0
9727,1
2804,0
8140,0
2211,1
8279,0
8807,0
15310,0
3133,1
7085,0
13484,0
7093,0
4320,0
7792,1
2107,0
5128,0
10305,0
12103,0
3973,0
6071,0
3034,0
6648,0
10397,0
4663,0
8668,0
3286,0
2367,0
14393,0
12318,1
5736,1
440,0
13498,0
12881,0
10035,0
4692,0
14347,0
3064,1
10514,1
1224,0
9125,0
2592,1
3247,0
2812,0
13959,0
7796,1
8919,1
2691,0
4132,0
11243,0
12767,0
2249,0
2552,0
14253,0
11273,1
13963,0
11241,0
3649,0
380,0
14739,1
13062,0
13943,0
8813,0
10078,1
1360,0
3196,0
2037,0
486,0
10605,1
8332,0
783,0
8723,0
10425,1
10780,0
12299,0
11566,0
3238,1
13557,0
6550,1
9213,0
8944,0
15952,0
6700,0
9598,0
11908,0
14225,0
1915,1
15580,0
7443,0
6224,0
14163,0
3632,0
109,0
12796,0
3464,0
2138,1
10170,0
12093,0
742,0
13298,0
15238,0
8998,0
15476,0
15024,0
14809,0
4480,1
3442,0
6832,0
4521,0
2847,0
14228,0
13794,0
7983,0
15300,1
7895,0
14454,0
7621,0
1947,0
5414,0
11396,0
14409,0
7229,0
1834,0
10129,1
12754,0
13445,1
7051,0
8583,0
10609,1
4801,0
8956,1
15734,1
11667,1
8401,0
10074,1
9412,0
3003,1
23,0
9307,0
3524,1
11711,0
5389,0
12756,0
9632,0
1309,0
15383,0
8973,0
3475,1
789,0
12695,0
12720,0
11971,0
3284,0
15384,0
2514,0
10126,0
4385,0
11712,0
4905,0
9731,0
6053,0
12820,0
15289,0
10688,0
14182,0
9534,0
3688,0
1395,0
8239,0
6369,0
5006,0
6112,1
15906,0
12128,1
15153,0
5257,0
13457,0
13551,0
5740,0
9004,1
14823,1
12959,0
15503,0
9663,0
7556,1
15780,0
6702,0
10130,1
3301,0
13691,1
10982,0
11544,0
5406,1
7988,0
712,0
10765,0
4279,0
4409,0
9355,1
15846,0
12263,0
5920,0
1822,1
14547,0
5411,0
11545,0
7107,1
8380,0
14286,0
10151,1
13328,1
1977,0
12716,1
13029,0
3264,1
7464,0
4834,0
5061,0
252,0
14711,0
2098,0
8029,0
12095,0
3671,1
11547,0
14442,0
433,0
11603,0
4416,0
15097,0
7749,1
10182,0
9230,0
7298,0
7862,0
12683,0
2934,0
8242,0
12273,0
9887,0
8937,0
12525,0
15890,0
6775,0
13201,0
9481,0
10080,1
13833,0
8048,0
56,0
3412,0
6366,0
2855,0
7302,0
2986,0
4572,0
10718,0
9839,0
12879,0
11161,0
7040,0
11672,0
8925,0
12593,0
4722,1
9490,1
5965,0
15976,0
4472,0
9375,1
8701,0
6020,0
2188,0
7346,0
5781,1
4049,1
11170,0
10303,0
6214,0
11442,0
14144,0
3544,0
6829,0
519,1
1755,1
4508,0
13212,0
15904,0
5263,0
15526,0
7864,0
227,0
14685,0
12807,0
665,0
9142,0
14122,0
12567,0
14962,0
10509,0
11061,0
10809,1
1699,0
15898,0
13907,0
1877,0
12824,0
513,1
15689,0
9216,0
12376,1
12118,0
7831,0
11784,0
10649,0
11232,0
9139,1
7278,0
6485,0
15538,1
2916,0
15184,0
480,1
11076,0
91,0
2577,0
6608,1
14523,1
13582,0
6672,0
12005,1
5272,0
8020,0
9236,0
1596,0
12464,0
3896,0
11283,0
1349,1
6611,1
11058,0
15169,0
3777,0
13683,0
12113,0
9621,1
4050,1
12883,0
12194,0
5702,0
8441,0
13063,0
2762,0
15721,0
15922,0
3685,0
5062,0
3602,1
13855,1
9252,1
11137,0
1446,0
7020,0
1020,1
705,0
7252,0
1866,0
10464,0
11300,0
11828,0
13645,1
12521,0
2574,0
12929,0
6017,0
2956,0
9947,0
3742,0
3914,0
9451,0
12497,1
1419,1
1103,0
7033,0
8911,1
8563,0
14013,0
14719,0
1558,0
7313,0
8067,0
12158,0
13699,0
3523,1
4542,0
34,0
3400,1
14047,0
15493,0
6387,0
6388,0
7803,0
2374,0
6237,0
2652,0
5328,0
8834,0
10711,1
8523,1
12981,1
14027,1
10346,1
12574,0
292,0
2836,0
11697,0
8351,0
12346,0
2870,0
14996,0
8483,1
11743,0
12306,0
8116,0
8404,0
1535,1
1318,0
2730,1
10915,1
7159,0
8225,0
14118,0
4879,1
11131,0
9705,1
12193,0
15845,0
2228,0
2641,1
4418,0
14763,0
7886,0
6347,0
12988,0
12382,1
8197,0
356,1
8696,0
11931,0
13796,0
9026,0
4584,0
837,0
266,0
7238,0
2006,0
14032,0
11586,0
2362,1
15799,0
10073,1
11208,0
13177,0
11679,0
7220,0
8798,0
7581,1
826,0
10418,0
4253,1
12099,1
14271,0
8855,0
1441,0
3066,1
10297,0
2748,0
3189,0
9648,1
14509,1
3061,1
15686,1
889,0
14410,0
13414,0
11747,0
1963,0
3125,0
10389,1
15254,0
12450,0
1127,0
9792,1
12599,0
9913,0
11788,0
8929,0
8358,1
7139,0
1543,0
3263,1
9354,1
10441,0
2268,0
3770,1
7991,0
8574,0
132,0
9987,1
6138,0
12491,1
603,0
7309,0
843,0
393,1
14668,0
6879,1
9807,0
15128,0
4989,0
13687,1
3928,0
5511,0
12565,0
6730,0
13898,0
14131,0
10951,0
2277,0
7300,0
3234,1
13098,0
3498,0
15937,1
4613,0
7975,0
7903,0
401,0
13151,0
13458,0
5727,0
6850,0
8019,0
11320,0
12255,1
4680,1
14982,0
5008,0
9753,0
3403,0
15390,0
3883,0
10772,0
10061,0
15010,0
12137,1
1573,0
14908,0
12911,0
2423,0
9351,0
5264,0
11192,0
9876,0
3548,0
253,0
15927,0
9868,1
12072,0
8511,0
12181,0
6632,0
13867,0
5501,1
10753,0
809,0
11753,0
6125,0
8576,0
2650,0
7517,0
15848,0
12445,0
3190,0
3620,0
1702,1
14215,0
13926,0
3650,0
7562,0
9414,0
15368,0
12618,0
12699,0
15983,0
12454,0
3370,0
15054,0
8159,0
6631,0
10868,0
9926,0
6383,0
9923,1
11902,0
10833,0
13758,0
10891,0
7664,0
664,0
11039,0
9574,1
14588,0
1736,0
14770,0
5259,0
8816,0
3347,0
1568,0
462,0
743,0
222,0
10484,1
3994,1
1979,0
10962,0
625,0
11377,0
10175,0
13211,0
8689,0
8188,0
12814,0
344,1
5494,0
7655,1
9365,1
1004,0
4449,0
2280,0
456,1
12843,1
9830,0
4335,0
2621,1
873,0
11019,0
14460,1
6556,0
6935,0
15417,0
5114,0
11354,1
5212,0
10869,0
1760,0
842,0
14086,0
15334,0
14868,0
5199,0
4803,0
2902,0
10713,1
6822,0
15640,0
7724,0
7780,0
779,0
12240,1
15352,0
15632,0
15703,0
3431,0
15101,0
11299,0
13966,1
14186,0
10119,0
15980,0
4725,0
1469,1
5130,0
9498,0
8740,0
12493,1
12983,1
6848,0
9747,0
13122,0
11429,0
368,0
13432,0
3593,0
1415,1
12658,1
12317,1
7136,0
8688,0
15860,1
12986,0
14855,0
11796,0
11668,1
2825,0
14835,1
1721,0
9921,1
5324,0
4060,0
15425,0
1824,1
15540,0
8030,0
12877,0
13307,0
13266,0
3232,0
6977,0
1918,1
12889,0
1569,0
1831,0
347,1
1242,1
8500,0
15585,0
12070,0
12956,0
8637,0
4656,0
8833,1
12708,0
15082,0
8612,0
10854,0
11408,0
12624,1
12073,0
15706,0
13297,0
8317,1
15868,0
14260,0
11628,0
14130,0
13974,1
6580,0
1222,0
7360,0
2134,0
9918,0
9564,0
14448,0
8698,0
14168,0
7666,0
12932,0
509,1
13841,0
12604,0
8231,0
6400,0
6298,0
11165,0
3986,0
748,0
5246,0
1259,0
4718,1
1888,0
12934,0
8686,0
711,0
14064,1
14636,0
8573,0
5833,1
9896,0
15522,0
3438,0
4808,0
3329,1
3293,1
9069,0
12608,0
7375,1
10452,0
6926,0
13961,0
10722,0
4865,0
5551,1
9875,0
8295,0
104,0
7677,1
1794,0
11176,0
15229,0
2386,0
11510,0
4847,0
7567,0
5837,1
8817,0
1658,0
212,0
11374,0
5886,0
4419,0
15105,0
5193,0
5735,1
1359,0
334,1
2166,0
3110,0
5709,0
10668,1
792,0
233,0
9742,0
8229,0
1064,0
209,1
12223,0
14476,0
10866,0
10171,0
4498,0
13835,0
8457,0
2413,0
6598,0
13607,0
8951,0
12357,0
11224,0
871,0
8218,0
1263,0
1618,0
14298,0
4345,0
13077,0
2414,0
12809,0
14431,0
10097,0
1220,0
6808,0
1765,0
12335,0
6552,0
11355,1
14278,1
2001,1
5609,1
10012,1
4581,0
6948,1
1485,0
3582,0
2523,1
5990,0
8994,0
14065,1
7203,0
3078,0
4833,0
11670,0
1305,0
4782,0
6206,0
8825,0
13292,1
4381,1
15291,0
8439,0
13533,0
14497,0
6243,0
6452,0
11950,0
2165,0
617,0
15520,0
3803,0
7603,0
9102,0
10937,0
13053,0
15187,0
15157,0
2163,0
4770,0
10826,1
15678,0
2004,0
10791,1
15301,1
3047,0
8526,0
15589,1
12465,0
10063,0
15864,0
12107,0
9737,0
3095,1
9964,0
3285,0
8777,1
10890,0
15282,0
1313,0
7953,0
6423,1
8839,0
8957,1
2903,0
9317,1
3333,0
12058,0
14459,1
3053,0
12461,0
5072,0
9263,0
8370,0
10480,1
9470,0
2269,0
2694,0
9706,1
8136,0
13896,0
10008,0
12166,0
9330,0
10460,0
8496,0
8625,0
4707,0
14291,0
2114,0
15346,0
8049,0
1541,0
6991,0
2602,0
13755,0
4607,0
11155,0
12301,0
11552,0
4756,0
8760,0
5538,0
7844,0
520,1
11173,0
8145,0
10065,0
10217,0
1092,0
7484,1
9396,0
4913,0
6123,0
12829,0
3771,1
7217,0
1109,1
4655,0
10645,0
1038,1
13038,0
20,1
8955,1
10376,0
5531,1
9683,1
934,0
8513,0
14998,0
14493,0
15133,0
1726,0
4490,0
10987,0
11818,0
1737,0
11043,0
8663,0
561,0
8121,0
14787,1
12966,0
1162,1
9468,0
11984,0
13979,0
5825,0
1527,0
14266,0
10796,1
2930,0
5721,0
58,0
9340,0
8793,0
13666,1
4483,1
2291,0
7879,0
13747,0
12203,0
10228,1
7492,0
12341,0
1649,0
15784,0
15909,0
2724,0
11323,0
938,0
4510,0
13739,0
15216,0
15663,0
4694,0
11379,0
15362,0
998,0
9364,1
4528,0
3870,0
13009,0
5354,0
15231,0
2907,1
15779,0
12646,1
3538,0
14771,0
5993,0
15132,0
915,0
14487,0
4415,0
12238,1
10978,0
10810,1
1817,1
15622,1
10697,0
3949,0
337,1
6431,0
2072,0
13884,0
14372,0
5822,1
13128,0
5143,0
8769,0
3513,1
2815,0
8396,0
6375,0
10203,0
14396,0
8470,1
11614,1
9002,1
766,0
8877,0
3782,0
11491,0
10148,0
1144,0
13075,0
2510,0
12730,0
2273,0
2860,0
1221,0
13511,1
4864,0
15512,0
9953,0
13019,0
13664,1
15536,1
4924,0
4532,0
7271,0
1672,0
13940,0
7748,1
13462,0
4055,0
6952,0
9782,0
1808,0
2275,0
3761,1
7948,0
11289,0
15894,0
7379,0
2045,0
9927,0
15025,0
5113,0
1295,0
13785,0
4687,1
3952,0
7458,0
4317,0
10727,1
444,1
5519,0
858,0
8498,0
4439,1
5321,0
841,0
7558,1
7925,0
14838,1
12343,0
994,0
13316,0
12217,0
1554,0
12800,0
1973,0
1951,0
15100,0
10138,1
15672,0
15577,0
9507,0
10111,0
2513,0
13643,1
5559,0
11919,0
6301,0
2835,0
4700,0
2445,0
2233,0
3050,0
15030,0
400,0
1176,0
432,0
5198,0
6925,0
12539,0
8499,0
13574,0
8403,0
1023,0
3298,0
10007,0
13099,0
15623,1
15188,0
13160,0
5894,1
4241,0
5424,0
11212,0
3401,1
7388,0
4309,0
10341,0
4080,1
803,0
1550,0
1009,0
6650,0
15950,0
14354,0
2737,0
12597,0
7111,1
5095,0
648,0
9406,1
2862,0
4975,0
8115,0
6399,0
9553,0
8544,0
550,0
6860,0
12004,1
13764,0
5617,0
13529,0
9469,0
211,0
13393,0
9119,0
6343,0
1781,1
13172,0
3543,0
13023,0
1438,0
2515,0
2868,1
2434,0
5045,0
6830,0
4792,1
11625,0
15607,0
13650,0
10450,1
6475,0
1314,0
9954,0
15765,0
9515,0
3979,0
7058,0
12,0
7405,0
818,0
2784,0
11750,0
13875,0
453,1
1049,0
15507,1
1656,0
3457,1
13985,0
14007,0
12561,0
13909,0
5139,0
2908,1
11840,1
940,0
7635,0
9049,0
12325,0
11707,0
10239,1
10219,0
4634,0
8830,1
8290,0
8852,1
1400,0
10363,0
30,0
6363,0
6258,0
14237,0
3677,0
12943,0
672,1
13248,0
8330,0
8254,0
15243,0
5466,0
12416,0
13675,1
9542,0
1108,1
12228,0
14518,1
3229,0
8413,0
10089,0
8730,1
3319,0
14745,0
5835,1
4326,0
9850,0
10887,0
10942,0
2553,0
4775,0
10440,0
2686,0
14134,0
14592,0
1563,0
11549,0
555,0
3071,1
12444,0
13425,1
4474,0
8297,0
12660,1
11923,0
4856,1
5268,0
2853,0
9808,0
11884,0
7001,0
14323,0
11335,0
13262,0
11662,1
8840,0
4601,0
15217,0
7794,1
14783,0
2213,0
4929,0
12719,0
11726,0
12760,0
7593,0
2111,0
13658,0
12279,0
14608,0
14544,0
8540,0
9567,0
14828,0
7784,0
4446,0
14495,0
12001,1
12626,1
9743,0
5026,0
28,0
15165,0
14678,0
10903,0
10703,1
355,1
1429,0
11822,0
7191,0
7087,0
14573,0
13824,0
13107,0
7592,0
332,1
5643,1
6865,0
12630,0
8709,0
14332,1
7258,0
4224,1
964,0
11715,0
6749,0
120,0
6794,0
4930,0
8233,0
5579,0
7642,0
328,0
4710,0
3281,0
2370,0
5522,0
2544,1
12063,0
12453,0
2885,0
11740,0
11783,0
2178,0
9551,0
4898,1
5153,0
1209,0
5170,0
15547,0
10251,0
15988,0
10663,0
3123,0
12833,1
1544,0
8423,1
15235,0
14930,0
7826,0
12704,0
13818,0
10794,1
14603,0
945,0
11437,1
4550,1
14315,0
13048,0
8594,0
13732,1
9675,1
15247,1
1675,0
10062,0
1561,0
12384,0
15436,1
14716,0
6213,0
11359,1
6044,1
4541,0
1782,1
8141,0
9084,0
14371,0
1095,0
7814,0
11392,0
8440,0
3287,0
13243,1
677,1
6193,0
2605,0
11868,0
1392,0
7921,1
13866,0
752,0
1711,1
3737,0
15653,0
15650,0
13686,1
3215,1
797,0
8781,1
1777,1
4113,0
1770,0
15625,1
6934,0
10862,0
13654,0
7931,0
6412,0
3022,1
14845,1
4228,0
14743,0
3012,0
14633,0
6875,1
14988,0
5764,0
15989,0
4619,0
11752,0
14195,0
14501,0
13274,0
527,0
366,0
6098,0
14713,0
4264,0
4262,1
10784,0
6825,0
1919,1
7250,0
701,0
6170,0
10256,0
10043,0
5018,0
6870,0
7591,0
4423,0
12659,1
6862,0
14724,0
4868,0
1298,0
13819,0
10184,0
1352,0
2926,0
8585,0
12433,0
1287,1
7502,0
12068,0
13111,0
4350,0
9261,0
3697,0
2013,1
10702,0
4373,0
9643,0
5677,0
7767,0
9066,0
2147,0
10631,1
2705,0
12224,0
5473,0
9387,0
2570,0
10786,0
7716,1
10317,0
10690,0
2857,0
14029,0
11702,0
810,0
5317,1
5684,0
14094,1
312,1
2073,0
14950,0
12048,1
11735,0
885,0
1477,0
1790,0
3142,0
8918,1
14974,0
8878,0
2008,0
3454,1
682,0
3895,0
12916,0
12033,1
6955,0
14606,0
57,0
7510,0
14467,0
15757,0
2399,1
12596,0
15411,1
4126,0
11724,0
9418,0
9910,1
1468,1
5761,0
1416,1
470,0
2358,0
2722,1
8018,0
6886,0
8144,0
13665,1
13586,0
9411,0
4525,0
4610,0
15444,1
12906,1
6041,1
12366,0
3869,0
9450,0
15354,0
13802,1
6786,0
13858,1
10764,0
14348,0
13478,0
4674,0
7456,0
1055,0
2281,0
9960,0
11891,0
9750,0
8114,0
1924,1
6379,0
9015,0
4907,0
12025,0
14488,0
1075,0
1115,1
3936,1
3533,0
9746,0
8387,0
460,1
14236,0
11513,0
3032,0
4207,0
6713,0
14290,0
6398,0
12438,0
5841,1
11719,0
1452,1
2149,0
319,0
4969,0
8375,0
6769,0
1922,1
11100,0
14246,0
13084,0
15381,0
15530,0
8337,0
12177,0
15122,0
2129,0
6403,0
11571,0
6478,0
6300,0
9248,1
11658,0
9445,0
7310,0
13158,0
2509,0
7281,0
1052,0
6840,0
6152,0
1681,0
11542,0
4067,0
5024,0
1456,0
13657,0
361,0
9253,1
15350,0
15033,0
15785,0
3145,0
14387,0
10496,0
505,1
11126,0
7785,0
14282,0
11056,0
10312,0
12801,0
540,0
4235,0
5507,1
13571,0
9434,0
13981,0
10519,1
14475,0
754,0
8704,0
2003,0
9085,0
2542,1
6073,0
2918,0
8331,0
5218,0
10475,0
7053,0
237,0
4271,0
5875,0
8008,0
100,0
8725,0
11550,0
14561,0
7801,0
5362,1
4766,0
8875,1
7503,0
4880,1
15400,0
601,0
10191,1
14303,1
6182,0
7985,0
15986,0
2431,0
14116,0
1044,0
12393,0
1557,0
5009,0
1487,0
6577,0
7633,0
11213,0
14744,0
11353,1
2115,0
5795,0
14241,0
12534,0
10094,0
5491,0
15344,0
618,0
3799,0
8917,1
8451,0
15651,0
3396,1
1600,0
10974,0
11188,0
1615,0
1752,1
9295,0
2040,0
2083,0
7477,1
9595,0
546,0
6199,0
15183,0
10221,0
12044,0
5147,1
11945,1
675,1
2545,1
4371,0
13334,1
3999,0
15210,0
6014,0
5096,0
7169,0
175,1
15252,1
2208,1
3609,0
12531,0
13864,0
3787,0
8093,0
12479,0
6458,0
7110,1
13106,0
2225,0
3049,0
296,0
1126,0
8993,0
15244,0
14379,0
2441,0
13771,0
12815,0
14244,0
1322,0
1603,0
4210,0
12459,0
13804,0
14831,0
4065,0
6904,0
1294,0
5007,0
10726,1
6069,0
6386,0
14980,0
12422,1
8014,0
4071,0
1507,0
10662,0
1559,0
9511,0
5577,0
7799,0
8481,1
13527,0
8515,0
1836,0
5611,1
12923,0
8922,1
5335,0
1354,0
15409,1
4141,0
9644,0
9500,0
14148,0
4844,0
4723,1
6260,0
14364,0
6906,0
3280,0
4032,1
6720,0
1235,0
10318,0
14848,1
15994,0
11287,0
14314,1
10783,0
2251,0
1025,0
12460,0
10333,1
6649,0
15266,0
8695,0
12825,0
3397,1
313,1
636,0
6149,0
9159,1
12712,1
13936,0
13287,1
7872,0
11024,0
12426,0
14149,0
1152,0
2970,0
9057,0
9694,0
2584,1
9224,1
3885,1
15382,0
12352,0
9305,0
4771,0
14601,0
14862,0
6697,0
14919,0
1244,1
13423,1
13564,1
12501,1
7131,1
6058,0
1840,0
14574,1
1564,0
3673,1
8677,1
13880,0
4698,0
15954,0
3320,0
5192,0
7672,1
2272,0
15053,0
6157,0
4254,1
4773,0
6575,0
10766,0
4709,0
847,0
15527,0
12578,0
5544,0
5526,1
838,0
5461,0
15543,0
9129,0
7532,0
7251,0
8336,0
7759,0
4597,0
5916,0
1417,1
5785,1
7773,0
8653,1
3848,0
604,0
14040,0
14089,0
2078,0
10374,0
7225,0
2311,1
9688,0
4343,0
1471,0
12530,0
1982,0
14305,1
4466,0
199,0
6676,0
485,0
6975,0
3270,0
4724,1
5728,0
2823,0
4551,1
12310,0
5336,0
3245,0
4453,0
10910,0
5817,1
8822,0
3749,0
2202,0
15818,0
13064,0
2794,0
13222,0
13089,0
11042,0
524,1
11215,1
14830,0
947,0
12353,0
9413,0
12673,0
1280,0
9856,0
122,0
4366,0
5885,0
7428,1
8985,0
12395,0
15296,1
2302,1
13117,0
14468,0
12022,0
10052,1
5820,1
11013,0
1005,0
3460,0
9199,0
11980,0
14406,0
3055,0
14245,0
3566,0
8040,0
2132,0
501,1
14194,0
10284,0
3185,0
6153,0
7582,1
10407,0
229,0
9487,1
4001,0
8565,0
14647,0
11216,1
15320,1
3007,1
10017,0
4587,1
4221,1
4305,0
12665,0
1074,0
2750,0
9605,1
595,0
7653,1
7210,0
4376,1
2944,0
6758,0
11107,0
2718,1
3362,0
11955,0
9319,1
5824,0
9383,0
15587,0
5230,0
9609,1
9976,1
6746,0
4161,0
15050,0
12319,1
6878,1
11987,0
9193,0
13182,1
7578,0
5322,0
5561,0
13338,0
8977,1
7690,0
14082,0
14200,0
11806,0
10924,0
11524,0
9089,1
4867,0
15853,0
9334,0
1017,1
8620,1
8452,0
14242,0
7743,1
1928,0
13879,0
350,1
6703,0
13240,1
223,0
6030,1
14973,0
13921,0
12869,0
12245,0
2500,0
9228,0
10306,0
564,0
1582,0
5545,0
15150,0
2175,1
10594,0
9726,1
15962,0
3933,0
12762,0
7356,1
7959,0
2707,0
11423,0
15797,0
10354,0
5211,0
15559,0
14496,0
13060,0
3535,0
11449,0
10319,0
2397,1
6657,0
3739,0
15681,1
12503,0
7525,1
821,0
2063,1
13647,1
10802,0
81,0
5419,0
10557,0
7802,0
14847,1
12165,1
2697,0
831,0
4574,0
3826,0
7645,1
5924,0
11461,0
1397,0
10949,0
2833,1
10591,0
14899,0
7406,0
15264,0
9619,1
14180,1
8178,1
48,1
13179,0
13727,1
10071,0
6512,0
12226,0
8271,0
7768,0
12017,1
6357,0
4095,0
2689,0
1189,0
8072,0
4845,0
5210,0
3990,1
2373,0
11797,0
5676,1
7824,0
10308,0
2758,0
10986,0
6607,1
10411,1
13766,0
2488,0
2579,0
9394,0
12967,0
3880,0
11642,0
11978,0
8908,0
4934,0
14021,1
9612,0
14715,0
8735,1
7746,1
2209,1
5235,0
3945,0
12627,1
14753,0
2164,0
2886,0
8598,1
11570,0
15893,0
516,1
12467,0
8161,0
5666,0
172,0
639,0
8431,1
9546,0
13885,0
7224,0
9930,0
5065,0
1143,0
11514,0
7435,0
15596,0
13415,0
13202,0
1832,0
10383,0
9464,0
3686,0
6227,0
5700,0
12227,0
14504,1
4537,0
3515,1
13589,0
834,0
2486,0
11957,0
9123,0
9790,1
8934,0
14141,0
9942,0
5467,0
4915,1
65,0
8672,0
7756,0
11209,0
10871,0
2024,0
1872,0
354,1
5360,0
1767,0
13242,1
10029,0
6405,0
4762,0
1164,1
15094,0
9329,0
3395,1
8857,0
15164,0
4568,1
9934,0
3127,0
8211,0
6946,1
309,1
15062,0
9178,0
15042,1
13954,0
9826,0
4354,1
9284,0
10615,0
8773,1
3587,0
8204,0
2583,1
8318,1
2770,0
4812,0
12905,1
14455,1
15453,0
5087,0
324,0
7890,0
9194,0
5171,0
5648,1
6743,0
11652,0
3209,0
9933,0
3905,0
13214,0
1292,0
5638,1
15399,0
11546,0
9505,0
2379,0
12603,0
8021,0
9272,0
6658,0
13625,0
8177,1
12920,0
4421,0
1101,0
8600,1
8061,0
3250,0
3557,1
709,0
118,0
4598,0
2042,0
15137,0
6130,0
8249,0
13892,0
15416,0
11492,0
6606,1
14361,0
5003,0
6523,0
4273,0
5739,1
13461,0
5470,0
5816,0
87,1
7630,0
4163,0
3382,0
403,0
15574,1
12813,0
6378,0
2241,0
12955,0
11416,0
10505,0
6310,0
5517,0
2436,0
4689,1
10807,0
12295,0
6856,1
10336,1
6654,0
1425,0
5027,0
5281,0
9837,0
1502,0
13752,0
678,1
6673,0
5851,0
7194,0
9038,1
5053,0
1850,0
6522,0
1070,0
8613,0
6784,0
15052,0
3392,0
1099,0
12634,0
12403,0
418,1
10110,0
5819,1
12670,0
9785,0
15647,0
8860,0
8791,0
15546,0
722,0
5176,0
1860,0
13592,0
15305,1
14549,0
1992,0
10405,0
11847,0
9459,0
9096,0
6117,1
3459,0
6567,0
14815,1
12049,1
9385,0
12572,0
5492,0
9251,1
14156,1
14721,0
13335,0
15926,0
3625,0
14440,0
12591,0
848,0
2248,0
5616,0
14202,0
11357,1
8118,0
5303,0
4052,1
11438,0
13069,0
4076,1
997,0
4332,0
551,0
12866,0
4372,0
3497,0
8657,1
13649,1
1407,0
13467,0
10632,1
693,0
5011,0
3443,0
15088,0
4222,1
8283,0
11903,0
10157,0
261,0
14872,0
5497,1
10456,0
4016,0
3626,0
9791,1
445,1
6752,0
5111,0
3555,1
7338,0
3367,0
10623,0
2526,1
15929,0
8863,1
1168,1
4144,0
15877,0
8276,0
3149,0
880,0
6747,0
7572,0
15297,1
1467,1
15821,0
11688,0
6537,0
452,1
4137,0
3039,1
14187,0
8992,0
10941,0
579,0
6571,0
7467,0
14514,0
9441,0
12584,0
4157,1
6349,0
9195,0
402,0
4428,0
3057,0
7060,0
164,0
10721,0
3317,0
7865,0
9443,0
6851,0
1847,0
14634,0
1334,0
14140,0
10996,0
13976,1
6997,1
706,0
3491,0
4573,0
10976,0
7706,1
7054,0
5580,0
3151,0
15339,0
14992,0
4022,0
9473,0
14411,0
11090,0
2429,0
246,1
3815,0
8961,1
2262,0
835,0
1173,0
6437,0
9045,0
9239,0
14196,0
5289,0
8098,0
10739,0
250,1
13343,0
7952,0
15657,0
7334,0
2793,0
7795,1
13661,0
3407,0
9395,0
7422,1
14578,1
11266,1
15712,0
5629,0
4002,0
9300,0
4753,0
12187,0
4196,1
3681,0
3019,1
4310,0
7448,0
14560,0
3985,0
9378,1
2569,0
15322,1
4277,0
3666,0
8412,0
15843,0
2446,0
6821,0
14652,0
6520,0
12278,0
3172,0
1223,0
544,0
1204,0
13719,0
7242,0
2637,1
8779,1
14105,0
13088,0
13980,0
877,0
8388,0
15593,1
4379,1
11465,0
3908,1
7688,0
6496,0
13831,0
8447,0
15331,0
8075,0
6964,0
6479,0
4711,0
8506,0
12013,1
13244,0
2682,0
9267,0
2508,0
4314,0
10083,1
9955,0
5356,0
6639,0
5972,1
3734,0
13537,0
7787,0
13673,1
1876,0
14635,0
5262,0
8446,0
5159,0
13218,0
9880,1
759,1
5481,1
654,0
5812,0
5288,0
2892,1
5636,1
3044,1
11239,0
13282,1
7318,0
6159,0
12133,1
6022,0
5092,0
14085,0
11195,0
1131,0
3659,0
11319,0
2663,1
14676,0
5378,0
5533,1
15418,0
11723,0
13579,0
8639,1
9963,0
2880,0
5839,1
3381,0
4957,0
13801,1
5720,0
10272,0
942,0
3235,1
3257,0
12105,0
14622,0
8368,0
8568,0
308,1
1565,0
6727,0
2135,1
13825,0
14079,0
13828,0
9249,1
13101,0
7393,0
2276,0
7072,0
10556,0
2623,1
10282,0
8534,0
14671,0
231,0
8371,0
8589,0
737,0
15388,0
9059,0
8216,0
9820,0
9360,1
10393,1
5705,0
11242,0
5935,0
6495,0
755,0
8788,0
15029,0
8119,0
12104,0
6200,0
10199,0
69,0
5367,1
8084,0
5682,0
12847,0
1680,0
11386,0
12770,0
5961,0
2603,0
7868,0
10812,1
14154,1
9638,0
2283,0
3732,0
10334,1
15074,0
13480,0
6620,0
9357,1
5127,0
1545,0
739,0
12268,0
11814,0
6984,0
6795,0
3518,1
13523,1
773,0
865,0
8521,1
5200,0
13842,0
641,0
15524,0
9143,0
3203,0
7288,0
5204,1
15316,1
6923,0
15814,0
11069,0
11860,0
15423,0
15715,0
14044,0
3309,0
363,0
3723,0
7670,0
4726,0
2940,0
471,0
1641,0
15000,0
12922,0
1172,0
11802,0
6085,0
13769,0
11501,0
3364,0
13712,0
1410,0
14484,0
6666,0
8634,0
815,0
6500,0
7322,1
2131,0
1797,0
7727,0
4575,0
5190,0
8167,0
3122,0
5365,1
4275,0
14841,1
3089,0
9775,0
15967,0
15330,0
5253,0
12992,1
1532,0
12842,1
2831,1
8269,0
14708,0
9088,1
12214,0
9052,0
1299,0
6273,0
5499,1
13200,0
15325,0
12826,0
1480,0
1601,0
5091,0
7067,0
9869,1
3661,0
12030,1
4825,1
5680,0
397,1
12428,0
2506,0
10529,0
9814,0
3010,0
10920,0
723,0
300,0
13452,0
13893,0
7328,1
4185,0
14414,0
14405,0
11979,0
4582,0
14532,0
7367,1
9754,0
15669,0
7433,1
13491,1
6965,0
1212,0
7055,0
15364,0
13194,0
11654,0
9222,1
11499,0
5427,0
15480,0
11686,0
7216,0
5994,0
3767,1
4272,0
15479,0
13629,0
786,0
10075,1
9525,0
11017,0
7853,0
14169,0
2905,1
4626,0
996,0
12266,0
15485,0
7246,0
6250,0
9736,0
8055,0
15260,0
5523,1
11001,1
7505,0
156,0
10537,0
3085,0
11133,0
1552,0
9367,0
10381,0
495,0
2321,0
912,0
9660,0
151,1
9384,0
15185,0
10940,0
1738,0
3001,0
9886,0
6961,0
14449,0
2883,0
3720,0
7127,1
888,0
5471,0
3201,0
10356,0
4823,1
4704,0
343,1
4136,0
11538,0
3188,0
4522,0
2223,0
2121,0
6858,1
11092,0
12496,1
9522,0
10118,0
7366,1
13047,0
4734,0
13493,1
1465,1
4593,0
3565,0
5840,1
283,0
14859,0
6175,0
10989,0
4151,1
15473,0
9611,0
7376,1
14081,0
14882,0
9356,1
3161,0
2630,0
15006,0
13640,0
10691,0
1203,0
14615,1
12520,0
616,0
3114,0
12957,0
7481,1
9957,0
2728,0
13862,0
12682,0
13195,0
10564,0
1357,0
10218,0
7798,0
12356,0
14333,1
1590,0
15539,1
3140,0
5338,0
14569,0
547,0
7118,0
12388,0
15518,0
26,0
1067,0
3918,0
6604,1
5529,1
6678,1
5398,0
11620,0
8081,0
10261,0
15174,0
437,0
9601,0
15311,0
5269,0
1861,0
15770,0
8316,1
13815,0
2706,0
13539,0
8518,0
5325,0
6957,0
13561,1
14703,0
9455,0
15154,0
4011,0
14349,0
534,0
12047,1
585,0
11346,0
9303,0
13199,0
8683,0
14637,0
9144,0
6464,0
12544,0
14928,0
1916,1
14155,1
8107,0
15213,0
1910,1
9458,0
11587,0
1133,0
10423,1
11498,0
1317,0
4368,0
8313,0
15482,0
9238,0
7325,1
6080,0
13387,1
2601,0
6568,0
2173,1
3605,0
6429,0
9044,0
7995,0
3768,1
5077,0
8274,0
4631,0
15181,0
240,1
11264,1
9001,0
7602,0
12778,0
1867,0
9402,1
15858,1
2521,1
10545,0
1820,1
2410,0
8243,0
6637,0
5187,0
10732,0
4565,1
7942,1
15371,0
6391,0
2118,0
3779,0
4961,0
2809,0
498,1
14793,0
13780,0
8617,1
4284,0
10880,0
9581,1
228,0
9353,1
12164,1
2741,0
10153,1
6001,0
5718,0
10914,1
5583,0
13501,0
13594,0
9308,0
1128,0
11113,0
1706,1
7450,0
3153,0
10125,0
11410,0
15380,0
6240,0
7104,0
12610,0
2721,1
7445,0
7893,0
15433,0
12211,0
8042,0
14466,0
13534,0
10038,0
13345,0
15583,0
11044,0
11602,0
14797,0
6054,0
14712,0
13006,0
2550,0
14252,0
7440,0
6768,0
10369,1
14213,0
6449,0
11063,0
15558,0
2644,1
14015,1
4487,0
2061,1
4645,1
15039,1
13852,0
15474,0
14425,0
7265,0
4174,0
12871,0
13344,0
9552,0
8543,0
14806,0
983,0
10858,0
5480,0
12548,0
4797,0
10286,0
3662,0
14751,0
6947,1
4657,0
6414,0
3150,0
10036,0
9520,0
4813,0
5969,0
2939,0
1340,0
1391,0
12914,0
13798,1
9877,1
8802,0
11638,0
11765,1
9639,0
6146,0
1412,0
2256,1
11838,1
14765,0
6120,0
2212,0
5603,1
8881,0
6004,0
5417,0
4938,0
3624,0
3158,0
4267,0
463,0
1754,1
9844,0
15601,0
6380,0
3829,0
378,0
10680,0
1335,0
15510,1
2716,1
10264,0
10979,0
14474,0
10364,0
6322,0
9846,0
10468,0
1894,0
4661,0
10349,1
7769,0
7090,0
6221,0
13853,1
10801,0
7037,0
11142,0
9514,0
9289,0
9231,0
11025,1
12974,0
3992,1
6691,0
1030,0
2220,0
12387,0
14748,0
3793,0
11685,0
11198,0
4327,0
13694,0
8302,1
15192,0
14093,1
5731,0
2917,0
5586,0
12834,1
6326,0
1515,1
15142,0
14528,1
13463,0
2263,0
4479,0
4239,0
13612,0
13441,1
893,0
1490,0
12831,1
14443,0
8516,0
2933,0
14729,0
1129,0
731,0
3084,0
7297,0
4588,1
2795,0
8979,1
7601,0
798,0
6232,0
734,0
15119,0
2244,0
178,1
1174,0
790,0
12852,1
198,0
10936,0
7675,1
548,0
3339,0
9834,0
7465,0
9286,0
11804,0
13204,0
7533,0
66,0
4712,0
5214,0
12818,0
5033,0
15886,0
2572,0
10938,0
11502,0
622,0
6222,0
787,0
3332,0
15407,1
6008,0
15987,0
8334,0
14025,1
11247,0
13685,1
515,1
478,1
4476,0
13123,0
9922,1
6899,0
1033,0
9952,0
2598,0
1514,1
6191,0
11616,1
7237,0
5753,0
10835,0
13783,0
8236,0
8536,0
5521,0
1462,0
7915,0
1871,0
13049,0
7209,0
13677,1
7349,0
4623,0
11809,0
4818,0
220,0
13953,0
9616,0
2476,0
4248,0
12746,0
14677,0
13426,0
6487,0
11993,0
10379,0
5650,0
15693,0
14203,0
8052,0
14728,0
2881,0
1677,0
6060,0
901,0
12213,0
15256,0
2296,1
12071,0
8488,0
9618,1
9975,1
13486,0
11830,0
6772,0
12655,0
7257,0
2580,0
7966,1
15189,0
11878,0
15771,0
10446,1
9980,1
5254,0
681,0
14924,0
3159,0
11621,0
2987,0
4908,0
1882,0
9265,0
1940,0
3296,1
3534,0
5974,1
3729,0
490,0
5708,0
1181,0
1375,1
5014,0
626,0
4758,0
11038,0
12242,1
11717,0
4180,0
12096,1
9371,0
2887,0
8876,0
4539,0
15348,0
6671,0
6453,0
9211,0
1366,0
2639,1
15163,0
5602,1
15641,0
5730,0
7204,0
5296,0
11055,0
2938,0
10934,0
13882,0
8890,0
5979,0
4534,0
12412,0
7669,0
7607,0
12836,1
10522,0
14248,0
15557,0
6681,1
5428,0
13520,1
5266,0
11268,1
15691,0
1784,1
7116,0
494,0
9693,0
10973,0
2038,0
4041,0
9281,1
2897,1
8558,0
14545,0
15841,0
10513,0
10622,0
2653,1
11018,0
9373,1
8514,0
2031,0
5089,0
813,0
7235,0
6280,0
14755,0
1079,0
2226,0
12482,1
14651,0
11959,0
3261,0
5649,0
3862,0
2936,0
12010,1
7080,0
3917,0
13037,0
305,0
4056,0
15236,0
2999,0
10190,1
1231,0
2313,1
12579,0
10967,0
13668,1
4321,0
9030,0
15862,0
6470,0
15880,0
7500,0
13508,0
3899,0
3567,0
5452,0
8022,0
13863,0
12667,0
4270,0
8531,0
4086,0
6663,0
10391,1
14087,0
588,1
3365,0
2670,0
5515,0
15910,0
13786,0
2395,1
5506,1
2170,1
15028,0
8134,0
9962,0
9081,0
15061,0
9661,0
13360,0
5673,1
2774,1
7620,0
6559,1
13531,0
9145,0
8456,0
10302,0
15003,0
5798,0
5982,0
5882,0
11946,1
13219,0
2181,0
11942,1
1473,0
6103,0
12117,0
9082,0
9770,0
9401,1
10208,0
421,0
9350,0
2306,0
13682,0
171,0
3956,0
5606,1
14813,1
8462,0
1725,0
8938,0
10908,0
9035,0
14984,0
9704,1
904,0
3494,0
8346,1
10390,1
7797,1
7396,0
13374,0
2080,0
7928,0
15597,0
7933,0
9316,0
10525,0
11385,0
7211,0
4677,1
6533,0
5209,0
2646,0
12243,0
12817,0
10548,0
14808,0
11275,1
6365,0
15048,0
2155,0
11674,0
7370,1
14256,0
7837,0
3715,0
8111,0
14010,0
15356,0
3622,0
4516,0
7354,1
8750,0
1436,0
507,1
5275,0
5663,0
5402,0
5930,0
8947,0
2339,0
10611,1
4386,0
12449,0
7680,0
12321,0
12090,0
8693,0
643,0
10241,1
1539,1
9121,0
1211,0
11785,0
14626,0
8864,1
6106,0
5615,0
14097,1
1464,1
1192,0
3590,0
14946,0
6360,0
8697,0
13028,0
6719,0
506,1
11846,0
9871,0
9932,0
14251,0
1773,1
272,0
13073,0
15013,0
3618,0
2381,0
7008,0
9269,0
14018,1
4633,0
8504,0
746,0
7707,0
3569,0
8982,0
10434,0
8557,0
6448,0
5599,0
10497,0
11734,0
11511,0
8572,0
11292,0
9484,0
1912,1
13333,1
599,0
3892,0
5540,0
1652,0
8106,0
1893,0
12739,0
6502,0
4362,0
15636,0
375,1
1966,0
3957,0
14610,1
5696,1
1243,1
14433,0
12902,1
9761,0
941,0
11050,0
3346,0
2657,1
15646,0
10771,0
5326,0
10472,0
6578,0
2799,0
4306,0
15080,0
12320,0
7244,0
298,0
9241,0
13072,0
3823,0
10604,1
7977,0
2035,0
4039,0
10474,0
15758,0
1499,0
3512,1
15867,0
8844,0
8362,1
6828,0
7130,1
12429,0
10714,1
4085,0
242,1
13620,0
1644,0
7371,1
12202,0
5594,0
12012,1
10970,0
5231,0
2076,0
4103,1
7493,0
9043,1
5968,0
13386,1
13869,0
3966,1
15277,0
15661,0
15026,0
6754,0
10619,0
11071,0
13324,0
4078,1
7754,1
8832,1
9462,0
2778,1
4603,0
4932,0
1985,0
3861,0
7774,0
325,0
15031,0
6394,0
12006,1
4054,0
2237,0
5229,0
4571,0
8976,1
7454,0
1268,0
864,0
4942,1
2253,0
6010,0
6911,0
10483,1
6998,1
371,1
15086,0
7940,1
609,0
4651,0
15448,1
8872,1
15085,0
15446,1
14618,0
2364,1
7766,0
7148,0
9103,0
3789,0
11689,0
5581,0
9861,0
5060,0
9615,0
15688,0
14110,0
8671,0
662,0
11448,0
11786,0
9311,0
2776,1
4535,0
7189,0
13136,0
5573,0
6135,0
4427,0
5247,0
11099,0
3981,0
7825,0
2669,0
3977,0
279,0
11874,0
8718,0
7452,0
5197,0
14343,0
14926,0
4155,1
10806,0
4883,1
5807,0
3809,0
8713,0
9857,0
4683,1
10884,0
13870,0
11463,0
5593,0
13283,1
6897,0
4563,0
8376,0
15431,0
10072,0
1269,0
2350,0
8745,0
9589,0
1384,0
15209,0
9036,0
5856,1
297,0
8635,0
14106,0
12396,0
10504,0
2077,0
10009,0
12780,0
2229,0
2842,0
2537,0
194,0
13286,1
7362,0
6636,0
7498,0
11605,0
4042,0
6553,0
14049,0
5505,1
6854,1
6761,0
5300,0
12365,0
320,0
7135,0
1371,0
15704,0
2654,1
9099,0
11187,0
3398,1
8532,0
11400,0
14096,1
11294,0
13451,0
926,0
244,1
7469,0
8207,0
143,1
5983,0
8151,0
2363,1
11727,0
129,0
1161,0
13517,1
15671,0
5953,1
287,0
12290,0
5308,0
14073,1
8681,0
1170,0
13933,0
9812,0
6792,0
11732,0
1859,0
11430,0
10579,0
6781,0
15017,0
10873,0
3121,0
8579,0
1311,0
1032,0
8339,0
10686,0
6382,0
7910,0
931,0
691,0
10577,0
6364,0
1909,1
9021,0
14293,0
15135,0
44,1
3939,1
10543,0
7108,1
9863,1
4319,0
2965,0
3969,0
9379,1
14365,0
10586,0
13795,0
7478,1
6308,0
4159,0
3092,0
12508,0
7954,0
5555,1
3982,0
10599,1
6940,1
1404,0
3195,0
10084,1
10963,0
11318,0
969,1
12995,1
6543,0
9117,0
2843,0
2851,0
13197,0
13637,0
5956,1
11342,0
12776,0
4471,0
10427,1
13742,0
1789,0
13256,0
2059,1
7143,1
9992,1
1902,0
4686,1
13238,1
8090,0
4922,0
6785,0
15642,0
9548,0
75,0
2345,0
6447,0
8430,1
8622,1
4586,1
15406,0
10313,0
9970,1
13056,0
1553,0
5874,0
8432,1
8975,1
13326,0
15609,0
9169,0
11976,0
5695,1
2941,0
10646,0
10684,0
7381,0
12904,1
1620,0
15981,0
7905,0
11278,0
9549,0
13147,0
6782,0
13091,0
14077,0
10709,1
1609,0
3096,1
2415,0
11220,1
2017,0
2971,0
15682,1
3246,0
124,0
1106,1
1814,1
12489,1
14682,0
8790,0
2123,0
15045,0
11200,0
11459,0
8970,0
15472,0
2197,0
4051,1
1216,0
7701,1
725,0
9170,0
808,0
13220,0
11999,1
11146,0
4906,0
12585,0
14485,0
3962,1
12405,0
2671,0
14510,1
9427,0
9417,0
1764,0
11455,1
607,0
10076,1
10370,1
3217,1
5737,1
8479,1
2053,0
3164,0
11226,0
12269,0
14255,0
1657,0
8069,0
8644,1
2710,0
14689,0
7549,0
4266,0
6715,0
422,0
5316,1
8849,1
9673,0
2845,0
4066,0
14120,0
5244,0
1001,0
4198,1
2418,0
12509,0
3575,0
6726,0
3847,0
961,0
9772,0
10275,0
11147,0
15871,0
757,1
5313,1
2284,0
13453,0
10023,0
4827,1
14192,0
807,0
3907,1
7023,0
1956,1
9343,0
10957,0
13058,0
2402,0
11518,0
1073,0
6524,0
13628,0
15985,0
8095,0
13315,0
11934,0
13435,0
11974,0
12786,1
1003,0
7658,0
14587,0
7566,0
9677,1
14799,0
5368,1
12931,0
9603,0
6289,1
15852,0
14119,0
10196,0
985,0
11507,0
6169,0
12262,0
7384,0
11141,0
14639,0
10388,1
15008,0
9460,0
2462,1
11401,0
268,0
7962,0
3580,0
71,0
14022,1
13012,0
12336,0
2821,0
14383,0
589,1
11839,1
10540,0
11812,0
12434,0
11569,0
3758,0
6845,0
2028,0
8869,1
11331,0
14538,0
5454,1
10575,0
12580,0
10499,0
15262,0
2432,0
14143,0
4647,1
8469,0
10323,0
896,0
9803,1
13185,1
1587,0
6686,0
1719,0
6100,0
3806,0
8806,0
12294,0
3961,0
15885,0
7036,0
13558,0
890,0
14444,0
4006,0
4939,0
12680,0
10375,0
5898,1
12053,1
12782,1
14135,0
584,0
3932,0
1260,0
11169,0
310,1
1716,0
6009,0
2052,0
11118,0
4668,0
4298,0
6646,0
3783,0
1008,0
7347,0
13363,0
15012,0
8383,0
9878,1
10797,1
4059,0
8721,0
90,1
1987,0
14885,0
12569,0
12516,0
7279,0
12859,0
11601,0
13912,0
15198,0
9517,0
13910,0
13790,0
2925,0
12507,0
8185,0
5884,0
2341,0
12136,1
11384,0
627,0
11177,0
7545,0
10402,0
4765,0
14041,0
15374,0
13524,0
128,0
12788,1
11119,0
13901,0
4182,0
7299,0
6995,1
2398,1
15933,1
1186,0
11231,0
15549,0
5314,1
9220,1
4247,0
15946,0
9107,1
9497,0
1096,0
6653,0
1273,0
5698,0
10242,1
8728,0
6797,0
9590,0
6615,0
3358,0
7755,1
183,1
12657,1
13153,0
6513,0
4567,1
6603,1
13291,1
1961,0
4992,1
4891,0
8039,0
5869,0
9570,1
15186,0
6226,0
13259,0
11343,0
1251,0
3176,0
3359,0
11006,0
10926,0
12397,0
14419,0
7411,0
7538,0
12717,1
1051,0
9221,1
8464,0
4763,0
15808,1
1874,0
9278,1
11402,0
7282,0
9008,1
14750,0
4322,0
15037,1
9448,0
5831,1
12993,1
10778,0
10392,1
14051,0
12458,0
4485,1
11924,0
8615,0
3924,1
9940,0
15178,0
10214,0
11823,0
7850,0
12938,0
3113,0
3303,0
9536,0
1690,0
10290,0
5048,0
10777,0
3308,0
1504,0
1806,0
3871,0
10638,0
3791,0
15248,1
12389,0
11143,0
1717,0
2696,0
1848,0
4512,0
11949,0
6622,0
3435,0
10836,0
142,1
11219,1
6992,0
10792,1
10547,0
1117,1
1756,1
497,1
6751,0
870,0
3357,0
9104,0
7678,1
721,0
886,0
15370,0
13777,0
13309,0
8347,1
9712,0
8102,1
13939,0
10923,0
314,1
13384,1
14339,0
11963,0
4204,0
5850,0
6129,0
5447,0
3129,1
1996,1
11879,0
3968,1
15591,1
10165,0
336,1
12653,0
13416,0
11091,0
2985,0
4620,0
6531,0
11744,0
3558,1
14611,1
3416,0
307,0
15879,0
13741,0
348,1
5918,0
14088,0
7243,0
15220,0
4482,1
12728,0
9421,0
10245,1
8263,1
10770,0
6855,1
13032,0
11462,0
13052,0
10883,0
1666,0
7579,0
5570,0
15332,0
52,0
12860,0
6263,0
1445,0
12612,0
10872,0
1695,0
1574,0
11866,0
4405,0
1630,0
13470,0
1881,0
5074,0
5509,0
14152,0
12909,0
9040,1
11989,0
14543,0
186,1
10022,0
5558,0
7185,0
14822,1
12304,0
6587,0
1234,0
11194,0
3915,0
446,1
844,0
5201,1
14100,0
14417,0
2440,0
3103,1
7692,0
4774,0
9718,1
6974,0
6094,0
9486,1
2153,0
5518,0
12832,1
5067,0
13521,1
15548,0
13346,0
776,0
8417,0
14895,0
6324,0
10345,0
4920,1
15701,0
9182,0
15207,0
11297,0
3136,0
14429,0
5462,0
3183,0
13304,0
7522,0
11932,0
12714,1
3199,0
12125,1
1289,0
15239,0
10335,1
15283,0
15624,1
7542,0
1879,0
13608,0
15551,0
5457,1
2148,0
4131,0
1036,1
8828,1
15259,0
4134,0
649,0
9275,1
6711,1
861,0
9095,0
191,0
8301,0
6026,0
1942,0
10295,0
4331,0
14197,0
8775,1
13487,0
7972,1
12391,0
13823,0
11876,0
2775,1
4145,0
13792,0
2617,0
2411,0
1094,0
6065,0
1546,0
4589,1
6034,0
10839,0
6953,0
3135,1
3856,0
14779,0
6419,1
3805,0
13973,1
14722,0
7431,1
6774,0
14084,0
464,0
1257,0
10020,0
2259,1
5630,0
15504,0
6231,0
7382,0
10394,1
11311,0
13223,0
1262,0
14432,0
7212,0
975,0
11466,0
5866,0
9133,0
6582,0
2387,0
15566,0
5021,0
7129,1
14836,1
3882,0
6055,0
14567,0
14057,0
11409,0
3875,0
2789,1
9136,1
14247,0
1857,0
13900,0
4108,1
5213,0
8281,0
3255,0
7323,1
2690,0
7389,0
4627,0
15732,1
1319,0
13710,0
15805,0
5162,0
11624,0
11064,0
1135,0
4529,0
3505,0
4749,0
7086,0
9941,0
10618,0
15786,0
6336,0
11691,0
6982,0
10066,0
13641,0
2505,0
2904,0
570,0
1448,0
3414,0
12908,0
11522,0
9290,0
12731,0
6837,0
3226,1
15590,1
4383,0
9229,0
7845,0
3539,0
11316,0
14370,0
2827,0
5780,1
4996,1
1338,0
3262,1
7876,0
11558,0
6838,0
5741,0
650,0
6039,0
2258,1
5395,0
14003,0
7082,0
12441,0
3521,1
12038,1
4478,0
5660,0
13951,0
67,0
15019,0
12687,0
7609,0
1258,0
12783,1
13651,0
991,0
3504,0
8305,1
919,0
165,0
10546,0
13693,0
9141,1
4594,0
14026,1
2850,0
11647,0
15960,0
13007,0
4460,0
11944,1
6623,0
9306,0
13436,0
8490,0
9867,1
2735,1
5669,0
4988,0
14428,0
2378,0
11110,0
4172,0
8092,0
12806,0
2103,0
3759,1
15555,0
1837,0
12856,1
13310,0
13070,0
5710,0
8799,0
4500,0
1093,0
11387,0
6718,0
11505,0
8960,1
160,0
203,1
6483,0
3940,1
15766,0
4933,0
15793,0
7647,1
1230,0
9166,0
3046,0
7957,0
2915,0
14558,0
4251,1
6111,1
6204,0
2725,0
4290,0
4334,0
383,0
7485,1
4886,0
857,0
370,0
6539,0
2561,0
3801,0
5455,1
11433,1
10539,0
13165,0
6859,1
10905,0
13913,0
15372,0
5944,0
615,0
2575,0
53,0
11422,0
3340,0
12134,1
9897,0
15249,1
10779,0
10730,1
14754,0
5876,0
14048,0
8995,0
1812,0
990,0
15958,0
13439,0
8411,0
2942,0
9480,0
3163,0
4678,1
2618,1
3612,0
8235,0
7871,0
12802,0
3792,0
9695,1
10814,1
10045,1
3439,0
1892,0
15435,1
14949,0
5255,0
14521,1
5167,0
6460,0
1505,0
11059,0
670,0
9471,0
14059,0
897,0
3306,0
8026,0
6239,0
2890,0
6003,0
7739,0
12204,0
11600,0
8397,0
2,0
10562,0
9961,0
13624,0
6079,0
531,0
13820,0
8181,1
13872,0
6476,0
14302,1
13580,0
8923,1
3406,0
10531,0
5991,0
6328,0
15932,1
2565,0
2581,0
13079,0
8385,0
2607,0
11199,0
14913,0
15175,0
9447,0
2104,0
14904,0
14530,1
14670,0
4994,1
11975,0
5057,0
658,0
4434,0
15208,0
3816,0
6773,0
15738,0
10664,0
9813,0
15106,0
7260,0
3904,0
11434,1
14274,1
9288,0
6811,0
11537,0
9359,1
10655,0
3700,0
12225,0
1788,0
13609,0
6314,1
3645,0
1776,1
192,0
9012,0
10959,0
13787,0
15317,1
5388,0
11009,0
4951,1
2687,0
4390,0
4927,0
5552,1
12492,1
238,1
14858,0
10955,0
6901,0
11705,0
15850,0
9137,1
13902,0
8640,1
5097,0
11576,0
11943,1
11037,0
3552,1
15944,0
3360,0
8328,0
5628,0
10602,1
7751,1
5783,1
4507,1
13838,0
146,1
11800,0
2294,0
15161,0
7178,0
9928,0
15270,0
11509,0
15182,0
13300,0
8690,0
7081,0
4733,0
8912,1
4384,0
13546,0
14702,0
12369,1
4545,0
596,0
14576,1
11263,1
5164,0
14660,1
1647,0
6815,0
2700,0
1700,0
10696,0
2773,1
6968,0
8143,0
6219,0
11480,1
86,1
10500,0
13129,0
13097,0
14035,0
2594,1
11910,0
1029,0
136,0
6972,0
14206,0
7024,0
2854,0
1200,0
6121,0
9763,0
8758,0
12333,0
6296,0
3927,0
10105,0
14161,0
8468,0
3606,0
14296,0
10551,0
2330,0
2187,0
195,0
5059,0
802,0
2668,0
241,1
2068,0
15923,0
14031,0
644,0
9116,0
5103,0
1637,0
7552,0
8312,0
3074,0
9014,0
7296,0
3278,0
8003,1
10327,1
4970,0
11699,0
8326,0
6915,0
12722,0
10751,0
7829,0
62,0
12664,0
12721,0
14906,0
14741,1
11594,1
10659,0
679,0
2041,0
8933,0
5307,0
12789,1
3641,0
13225,0
13043,0
3258,0
1873,0
4744,0
10788,1
9909,1
2912,0
4027,0
5488,0
13845,0
8024,0
7786,0
14922,0
14833,1
6864,0
489,0
8685,0
690,0
602,0
10103,0
1014,0
869,0
1993,0
15255,0
10558,0
7610,0
5283,0
4370,0
12011,1
12114,0
1361,0
13191,0
1526,0
13359,0
1629,0
1551,0
15438,1
15505,1
1337,0
3901,0
5041,0
8252,0
10442,0
11693,0
5039,0
2346,0
14888,0
5485,1
14457,1
5694,1
5119,0
5166,0
1134,0
8342,0
11109,0
10278,0
10451,0
4017,0
10409,1
11267,1
2424,0
4138,0
859,0
2962,0
8089,0
13011,0
12381,1
13722,0
13596,0
1364,0
14173,0
1779,1
11105,0
2101,0
1818,1
369,0
4937,0
10896,0
5285,0
8367,0
12978,1
7071,0
2093,0
7817,0
1920,1
82,0
7331,0
7304,0
816,0
12407,0
4396,0
8475,1
6124,0
4120,0
12736,0
14224,0
1813,1
1271,0
8751,0
2994,0
12196,0
6409,0
12408,0
2642,1
9280,1
14513,0
2305,0
14218,0
13422,1
4195,1
13382,0
3849,0
15753,0
15856,1
15326,0
10606,1
3554,1
2195,0
2600,0
6163,0
1518,1
11270,1
14052,0
6309,0
10825,1
5755,0
5633,0
8399,0
14918,0
10626,1
7162,0
12078,0
12821,0
1988,0
9533,0
7737,0
517,1
10561,0
6160,0
12865,0
14563,0
13071,0
11580,0
9607,1
4456,0
2761,0
6481,0
5911,0
14478,0
6547,1
4855,1
7644,1
14208,0
15502,0
6358,0
9741,0
2438,0
3765,1
6432,0
8643,1
7846,0
11406,0
9665,0
14391,0
6340,0
4821,0
18,1
3560,1
3951,0
49,0
15832,0
887,0
6261,0
7236,0
6989,0
6043,1
15191,0
8708,0
3168,0
2949,0
1424,0
139,0
10116,0
10570,0
3197,0
5131,0
112,0
8160,0
13911,0
4559,0
4595,0
4690,0
7951,0
11953,0
3277,0
10758,0
4068,0
4408,0
11351,1
13759,0
9729,1
10667,0
451,1
7262,0
3731,0
7256,0
14358,0
4986,0
3663,0
2763,0
8850,1
11982,0
1855,0
999,0
389,0
6426,0
1476,0
2240,0
15152,0
14655,0
8112,0
992,0
7032,0
4997,1
3922,1
2972,0
6871,0
15861,1
4769,0
1293,0
15093,0
11065,0
4173,0
2535,0
14642,0
1907,1
13279,1
15206,0
8560,0
6033,1
7619,0
1151,0
1567,0
3171,0
9689,0
7106,1
4160,0
4287,0
2230,0
11859,0
174,0
1903,0
9291,0
8752,0
11751,0
3408,0
1538,1
2292,0
9523,0
1363,0
4357,1
5260,0
11952,0
12152,0
680,0
12644,1
3664,0
1661,0
508,1
166,0
13269,0
9198,0
13361,0
7365,1
1914,1
7263,0
15428,0
15600,0
7361,0
10728,1
1104,0
12540,0
9944,0
5310,0
12083,0
11108,0
11156,0
5754,0
152,1
12700,0
5679,0
14648,0
10744,0
15822,0
3551,1
3722,0
11793,0
13745,0
4538,0
13525,0
10014,1
8463,0
1991,0
14125,0
8501,0
5141,0
10743,0
3811,0
13958,0
3450,0
4591,1
7352,1
205,1
9327,0
6680,1
2749,0
8497,0
1849,0
14540,0
10180,0
3240,1
10990,0
12696,0
3109,0
10179,0
5934,0
14577,1
5810,0
8575,0
5634,0
4307,0
3156,0
6534,0
10919,1
14659,1
15768,0
13276,0
8891,0
3832,0
13967,1
4776,0
7997,0
4276,0
15598,0
11369,0
15365,0
12354,0
278,0
6771,0
7415,1
3252,0
11440,0
10672,1
15064,0
289,0
3075,0
14346,0
11572,0
9582,1
11326,0
270,0
4570,1
13563,1
14076,1
9583,0
6696,0
4316,0
3180,0
12402,0
1422,0
8275,0
9065,0
11030,1
12631,0
4557,0
7812,0
6297,0
14643,0
11721,0
15513,0
1132,0
10642,0
10521,0
10827,1
6242,0
12143,0
15014,0
7423,1
13602,0
10152,1
13303,0
13100,0
5520,0
9408,0
13952,0
11997,0
9256,0
3786,0
14654,0
8345,1
2161,0
3008,1
1105,0
11805,0
692,0
12532,0
4956,0
8307,1
4369,0
2765,0
3929,0
12216,0
15716,0
7778,0
11567,0
628,0
2451,0
11432,1
3824,0
14398,0
10844,0
15928,0
3743,0
2176,1
6689,0
8858,0
3318,0
11617,1
9653,0
7432,1
2787,1
1196,0
1676,0
3947,0
7618,0
4444,1
13660,0
14746,0
12738,0
5722,0
12472,0
10695,0
13583,0
2369,0
4967,0
2217,0
8148,0
10410,1
3326,1
11877,0
3583,0
15645,0
15717,0
3619,0
6217,0
2468,0
14142,0
8277,0
13559,1
5973,1
10993,0
3667,0
5158,0
7594,0
6976,0
10211,0
3423,0
10717,0
8199,0
2409,0
3212,0
13720,0
5366,1
11906,0
6593,0
2895,1
14028,0
14773,0
3642,0
11863,0
14667,0
13438,0
9475,0
10193,0
13805,0
9061,0
15506,1
14378,0
8548,0
15851,0
5451,0
7160,0
10685,0
7866,0
2743,0
15881,0
10082,1
9797,0
4958,0
13166,0
10572,0
6474,0
7888,0
8811,0
492,0
12792,1
1116,1
5637,1
14083,0
15791,0
11852,0
14506,1
13800,1
6589,0
14548,0
7557,1
10692,0
12810,0
5241,0
14821,1
2783,0
15677,0
10661,0
12779,0
1696,0
5685,0
2295,0
5939,0
7763,0
10244,1
9968,1
11033,0
3313,0
4781,0
8350,1
13154,0
9784,0
9915,0
7605,0
215,0
11365,0
6707,1
13196,0
8682,0
14646,0
3483,1
7006,0
5102,0
6599,0
3764,1
12694,0
6410,0
12127,1
25,0
10601,1
7659,0
13977,1
9744,0
14760,0
13816,0
6683,1
9171,0
10847,0
10039,0
13174,0
8584,0
12361,0
15816,0
12284,0
15450,0
13264,0
1102,0
3276,0
5345,0
12431,0
14556,0
14111,0
8386,0
8835,0
11308,0
11222,0
14259,0
15982,0
2207,1
4552,1
4402,0
7395,0
3718,0
972,1
4579,0
6516,0
719,0
6155,0
15120,0
2803,0
2566,0
4025,0
6198,0
8224,0
14167,0
4063,0
9889,0
2792,1
2222,0
5818,1
3866,0
11583,0
13889,0
14575,1
14927,0
13055,0
3227,0
4214,0
3923,1
10469,0
11948,1
1401,0
8931,0
7703,1
4979,1
3253,0
13837,0
2661,1
2158,0
8578,0
8088,0
674,1
12538,0
7011,0
12663,0
10197,0
3841,1
1815,1
13336,0
15740,0
2100,0
14133,0
6708,1
1673,0
10293,0
4213,0
12074,0
11644,0
1548,0
11574,0
11515,0
8547,0
5184,0
1461,0
15044,0
3220,1
13510,1
14687,0
7170,0
7430,1
15275,0
1751,1
3976,0
8353,0
1772,1
9388,0
10070,0
10860,0
15978,0
2016,0
2005,0
3893,0
3237,1
4424,0
10270,0
8588,0
10980,0
2257,1
4072,0
5574,0
9083,0
15230,0
5355,0
8418,0
6093,0
7935,0
12970,0
1519,1
13092,0
1378,1
5672,1
9215,0
2587,1
15626,1
5621,0
12633,0
11049,0
13193,0
5842,1
7122,0
5832,1
9821,0
4888,0
5904,0
522,1
8043,0
3607,0
9120,0
234,0
3796,0
6318,1
7094,0
10202,0
1948,0
6361,0
15065,0
12564,0
6091,0
10863,0
14571,0
2224,0
9298,0
15931,0
9010,0
5571,0
4523,0
5793,0
14092,1
5738,1
2624,1
4728,0
7818,0
8859,0
15863,0
14621,0
9080,0
11907,0
2437,0
6056,0
9009,0
11606,0
6352,0
10533,0
3167,0
1809,0
12964,0
7161,0
9456,0
5086,0
12901,1
7016,0
12476,0
4945,1
6046,1
15990,0
14849,1
6919,0
5590,0
7226,0
1228,0
12339,0
6846,0
8244,0
12386,0
6555,0
159,0
8851,1
9779,0
1589,0
15744,0
15195,0
15172,0
14960,0
6687,0
14975,0
12051,1
10576,0
12679,0
7480,1
14852,1
1556,0
2828,1
436,0
5789,0
13066,0
1588,0
7398,0
2780,0
14404,0
9242,0
5686,0
3965,1
4727,0
9165,0
1238,0
2951,0
10534,0
11778,0
13379,0
14757,0
1497,0
6465,0
7355,1
7823,0
7547,0
7913,0
10614,0
13723,0
5185,0
5647,1
15057,0
5242,0
2130,0
2092,0
5409,1
10207,0
187,1
11991,0
7938,1
3655,0
3426,0
12276,0
1381,0
12495,1
8605,0
7427,1
5037,0
4897,1
11528,0
3175,0
13639,0
14030,0
8448,0
11390,0
15836,0
12678,0
2235,0
8068,0
9959,0
4236,0
14819,1
14645,0
12251,1
9764,0
24,0
3363,0
1088,1
10886,0
8733,1
11590,0
14680,0
2841,0
10503,0
7537,0
15739,0
7470,0
14937,0
4152,1
9501,0
695,0
14720,0
6337,0
1227,0
1999,1
276,0
12170,0
5929,0
2953,0
3637,0
3906,1
4778,0
5845,0
15519,0
4117,0
12129,1
1137,0
2767,0
8182,1
13093,0
12690,0
7661,0
9134,0
11898,0
2490,0
15496,0
7742,1
3935,1
2384,0
8016,0
7084,0
115,0
1863,0
10750,0
3119,0
4258,1
14801,0
13555,0
2819,0
15911,1
12018,1
14572,0
4699,0
3802,0
6068,0
3536,0
3825,0
6642,0
13861,0
1946,0
13998,0
12837,1
13356,0
11680,0
9802,1
7269,0
12488,1
7929,0
7166,0
6963,0
5867,0
10859,0
4761,0
10386,0
882,0
557,0
14214,0
1207,0
12140,0
7684,0
12372,1
9702,1
6538,0
10485,1
3211,0
3630,0
1708,1
13217,0
8458,0
1140,0
3162,0
6207,0
14066,1
3730,0
10101,0
12370,1
2660,1
8848,1
1307,0
2567,0
9190,0
2834,1
15323,0
9429,0
2151,0
12563,0
3835,0
15514,0
12271,0
13593,0
10378,0
9326,0
5004,0
6626,0
9495,0
1627,0
15633,0
9714,0
15692,0
358,0
138,0
8491,0
9748,0
382,0
11181,0
12066,0
4857,1
14901,0
14250,0
1439,0
9569,1
946,0
13277,0
5498,1
4916,1
8556,0
10913,1
1932,0
2352,0
3236,1
15201,0
9493,0
13251,0
3807,0
14759,0
1936,0
14281,0
4154,1
8988,0
2416,0
12253,1
6139,0
785,0
6789,0
11350,1
8036,0
8315,0
15162,0
5668,0
2172,1
2169,0
6628,0
4009,0
4340,0
910,0
6268,1
2309,0
10033,0
11826,0
9449,0
6591,0
4458,0
7597,0
9370,0
15459,1
14961,0
4652,0
6218,0
11842,1
442,1
3415,0
9591,0
14019,1
12270,0
9649,1
12541,0
5744,0
1054,0
11467,0
15847,0
3699,0
929,0
6468,0
8767,0
1829,0
14700,0
15307,1
14581,0
12380,1
13033,0
2011,1
913,0
7611,0
13186,1
12334,0
15658,0
2606,0
11456,1
4928,0
9783,0
6564,1
13036,0
6,0
11172,0
7835,0
6583,0
3361,0
10135,1
12480,0
1635,0
1141,0
13993,0
359,0
2070,0
3134,1
5160,0
6990,0
3243,0
2242,0
1474,0
13763,0
10081,1
11627,0
3259,0
11897,0
10213,0
4020,0
14166,0
8566,0
3500,0
2658,1
13538,0
1130,0
14731,0
1819,1
7461,0
12552,0
12510,0
13074,0
7064,0
4318,0
9342,0
4669,0
9428,0
5476,0
15735,1
15327,0
1856,0
2282,0
13948,0
4008,0
6401,0
15878,0
14725,0
14869,0
386,0
1628,0
11777,0
10906,0
14126,0
13494,1
14945,0
7718,1
14516,0
11381,0
15943,0
9101,0
13883,0
10058,1
1842,0
2497,0
201,0
12858,1
3868,0
5054,0
5889,1
2702,0
7922,1
14482,0
331,1
3808,0
935,0
10651,0
1774,1
13090,0
8611,0
10878,0
14666,0
989,0
5443,1
13354,0
6993,1
13700,0
5806,0
14012,0
13957,0
6574,0
3052,0
13854,1
8365,0
4615,0
3321,0
12160,1
6246,0
11564,0
6048,0
3311,0
12452,0
12358,0
12589,0
15032,0
11196,0
11595,1
8210,0
11883,0
11431,1
3628,0
14212,0
10366,0
1356,0
5002,0
12432,0
5823,1
15221,0
5670,1
3112,0
182,1
14113,0
14205,0
10004,0
855,0
13502,0
4912,0
13690,1
1800,0
14842,1
10621,0
5482,1
13352,0
1968,0
13342,0
13044,0
4697,0
4987,0
4650,0
1159,0
9405,1
14824,1
1325,1
10288,0
12586,0
4796,0
6796,0
5808,0
15914,1
1455,1
5410,1
8333,0
2800,0
9836,0
10332,1
7616,0
14355,0
7815,0
4378,1
8921,1
12724,0
6716,0
10128,0
11985,0
3736,0
2261,0
7429,1
4005,0
9302,0
15226,0
11190,0
2394,1
1185,0
2007,0
193,0
14279,1
8770,0
5525,1
771,0
10587,0
1478,0
1846,0
3740,0
14580,1
7986,0
405,0
15274,0
10265,0
10088,0
13706,0
6317,1
11851,0
6581,0
10571,0
1447,0
342,1
7468,0
15005,0
10719,0
727,0
4577,0
9168,0
9250,1
3516,1
14258,0
15605,0
7156,0
7851,0
10178,0
12132,1
9491,1
1348,1
660,0
1492,0
13115,0
13667,1
5154,0
10507,0
9885,0
15426,0
9277,1
2524,1
12963,0
14330,1
5374,1
3198,0
5717,0
12192,0
14591,0
13169,0
8259,0
12872,0
40,0
10461,0
13433,0
12399,0
14176,1
11639,0
6816,0
10559,0
12302,0
13065,0
10704,1
2723,0
14733,0
13740,0
9335,0
15576,0
7155,0
12296,0
14789,1
12570,0
7230,0
11981,0
10412,1
5075,0
10523,0
7880,0
5394,0
9641,0
13708,0
7789,0
14970,0
4088,0
1967,0
14415,0
14123,0
15359,0
6999,1
423,0
14863,0
10096,0
15225,0
13744,0
12109,0
6142,0
5661,0
11810,0
9031,0
4596,0
2659,1
141,1
2597,0
6701,0
1377,1
3674,1
9658,0
15829,0
6362,0
15011,0
4741,0
12000,1
1138,0
10449,1
7374,1
1787,0
12130,1
12855,1
4646,1
7568,0
459,1
6115,1
8179,1
11565,0
948,0
11892,0
9528,0
6370,0
4628,0
7358,0
5925,0
6040,0
441,1
6659,0
9794,0
10430,0
8831,1
9046,0
3830,0
15058,0
6144,0
14517,0
6344,0
14416,0
1958,1
9262,0
155,0
10487,0
12749,0
4578,0
1089,1
6049,0
11132,0
15108,0
9122,0
7950,0
11101,0
1674,0
6763,0
13421,1
6416,0
15309,0
11439,0
2326,0
7096,0
13765,0
12587,0
6450,0
14887,0
1715,0
9890,0
9172,0
8381,0
9433,0
3831,0
6299,0
3348,0
15246,1
9177,0
10013,1
587,0
9346,0
10964,0
15251,1
10091,0
2990,0
14884,0
12642,1
14227,0
11749,0
9587,0
264,0
11739,0
13679,0
6788,0
15272,0
13642,0
10131,1
3864,0
10435,0
10592,0
6274,0
13915,0
15683,1
3711,0
8438,0
9786,1
1529,0
13142,0
923,0
12562,0
7329,0
4364,0
669,0
3604,1
5108,0
10102,0
14446,0
5248,0
7183,0
12150,0
10888,0
2591,1
5906,0
9973,1
6509,0
11205,0
7133,0
2307,0
8804,0
3690,0
687,0
612,0
7167,0
12637,0
3200,0
10459,0
11168,0
6629,0
4135,0
1898,0
282,0
258,0
11116,0
15110,0
4943,1
2822,0
11531,0
3525,1
15465,0
5223,0
2285,0
6063,0
8078,0
4654,0
5000,0
6710,1
14952,0
8676,1
10403,0
5416,0
475,0
2555,0
8087,0
7,0
11849,0
6411,0
14698,0
14299,0
5546,0
2426,0
6744,0
10006,0
15415,0
2274,0
9203,0
1577,0
7264,0
9259,0
10183,0
3970,0
5879,0
13485,0
14958,0
7193,0
3867,0
15096,0
6823,0
11240,0
7548,0
781,0
15750,0
1749,0
10983,0
6519,0
5774,1
9283,0
9369,0
2324,0
10271,0
5055,0
10800,1
14462,0
10482,1
1727,0
610,0
4666,0
5413,0
8103,1
8174,0
8535,0
11349,1
3750,0
11407,0
97,0
6985,0
3137,0
1537,1
11780,0
3648,0
14249,0
1517,1
14989,0
4624,0
11861,0
6566,0
2090,0
7097,0
6171,0
7521,0
572,0
15241,0
14551,0
3062,1
597,0
6633,0
15114,0
7875,0
7345,0
6304,0
12854,1
15134,0
13080,0
5976,1
8562,0
1938,0
15569,1
8100,1
1753,1
3670,1
11844,0
12861,0
2361,1
4260,1
5432,0
6285,0
12602,0
15170,0
11929,0
15396,0
14844,1
13278,0
14114,0
5591,0
1171,0
7927,0
12886,0
9614,0
11333,0
14990,0
12950,0
14695,0
874,0
2297,1
14917,0
2643,1
14864,0
5347,0
9032,0
15892,0
581,0
204,1
7896,1
9833,0
2014,1
11445,0
11663,1
905,0
631,0
8461,0
13355,0
1974,0
162,0
4998,0
13207,0
9557,1
14706,0
4713,0
9067,0
1431,0
6868,0
14653,0
7710,0
7736,0
4283,0
7531,1
12733,0
11048,0
10053,1
10851,0
3384,0
15314,0
13005,0
13353,0
7462,0
3331,1
15273,0
10595,0
6404,0
8895,0
2096,0
10195,0
13450,0
7999,0
5017,0
8738,0
1449,1
13311,0
6900,0
2610,0
1900,0
8186,0
3920,1
2757,0
6397,0
10077,1
11888,0
13897,0
2097,0
8329,0
15146,0
5624,0
9028,0
3471,0
8266,1
2171,1
14803,0
14730,0
8590,0
2010,1
15667,0
1283,1
12485,1
13662,0
12448,0
10028,0
15376,0
1019,1
9518,0
11002,1
8667,0
2810,0
13839,0
1651,0
15397,0
1169,0
10720,0
9398,0
6256,1
13366,0
5469,0
14002,0
10258,0
867,0
11166,0
5093,0
5433,0
541,0
9324,0
15736,0
6354,0
14966,0
3390,0
13554,0
11154,0
12347,0
11451,0
13180,0
15891,0
10775,0
11005,0
3959,0
14865,0
6643,0
6841,0
13267,0
3586,0
12926,0
2563,0
10822,1
14292,0
12750,0
5036,0
1080,0
12475,0
5891,1
10277,0
10644,0
4966,0
2023,0
14412,0
7909,0
15581,0
7321,0
226,0
1013,0
1929,0
13430,0
5251,0
9596,0
2179,0
697,0
1124,0
7378,0
12087,0
13130,0
5110,0
7902,1
1778,1
12755,0
2634,1
7544,0
7604,0
3489,0
1037,1
10448,1
13082,0
15900,0
8505,0
2649,0
10473,0
2979,0
2547,1
5132,0
2159,0
11329,0
9114,0
6445,0
3967,1
1428,0
13473,0
2520,1
12798,0
8033,0
13736,0
15079,0
15792,0
448,1
13597,0
9476,0
5995,0
12853,1
3727,0
7353,1
8553,0
6279,0
14336,0
7295,0
9496,0
6251,1
5926,0
2460,1
22,0
2066,0
1653,0
8894,0
8706,0
10935,0
1376,1
1724,0
10660,0
3754,0
10517,1
8652,1
4183,0
4082,0
9678,1
11870,0
8474,1
6579,0
4558,0
12500,1
3537,0
15378,0
7003,0
10773,0
9560,1
15177,0
13173,0
8789,0
12543,0
9951,0
646,0
6381,0
7527,1
15517,0
12900,0
7165,0
11660,0
13512,1
7697,0
11182,0
15076,0
4875,1
10736,0
13770,0
5341,0
13674,1
12258,0
12180,0
7031,0
2160,0
685,0
12753,0
11435,1
2461,1
12275,0
11029,1
11889,0
7128,1
6267,1
4941,0
5946,0
4583,0
5784,1
12232,0
10422,0
7569,0
13652,0
10512,0
521,1
8714,0
14107,0
14326,0
3983,0
15308,1
13871,0
780,0
10613,0
13157,0
5607,1
5978,0
8843,0
3747,0
2196,0
8561,0
15810,1
4285,0
12406,0
8569,0
14068,1
10408,0
9832,0
9805,1
6979,0
1827,0
11824,0
9154,0
15160,0
15487,0
2376,0
8551,0
3839,1
15614,0
1246,0
7504,0
11483,1
6511,0
11886,0
14673,0
5439,1
10759,0
11615,1
10229,1
14825,1
8964,1
10681,0
11754,0
15552,0
15281,0
5510,0
5330,0
13010,0
4531,0
9866,1
365,0
12949,0
12089,0
12519,0
15965,0
147,1
1668,0
11280,0
14185,0
7650,1
8599,1
11698,0
7788,0
3456,1
12374,1
11768,0
3271,0
4940,0
9223,1
12930,0
6230,0
14283,0
12980,1
9047,0
3926,1
13695,0
8080,0
78,0
7088,0
2247,0
15468,0
13748,0
15912,1
15379,0
13761,0
7451,0
8980,1
2279,0
8123,0
12287,0
3897,0
12890,0
7177,0
9312,0
15155,0
3631,0
13821,0
6272,0
8616,0
392,1
3191,0
16,1
4200,0
2672,0
15286,0
6164,0
13141,0
3493,0
9651,1
13578,0
7394,0
4839,1
593,1
12027,1
14933,0
8737,0
5827,0
10749,0
7961,0
12470,0
5887,1
2355,0
6036,0
4798,0
10634,0
13865,0
4592,0
11234,0
8656,1
163,0
14857,0
15124,0
15649,0
7380,0
15925,0
10201,0
6356,0
11276,1
9092,1
5542,0
6007,0
7993,0
7638,0
6793,0
10900,0
7758,0
4837,1
2293,0
6548,1
7898,1
4481,1
12797,0
3716,0
10837,0
6140,0
9956,0
1549,0
11221,0
10331,1
2044,0
767,0
5693,1
7870,0
9700,1
7857,0
3302,0
4517,0
12411,0
14557,0
12927,0
3292,1
9011,0
1403,0
1382,0
10340,0
6928,0
5671,1
1638,0
15674,0
6907,0
8591,0
6406,0
9074,0
11757,0
15107,0
1179,0
5448,0
12436,0
13206,0
10322,0
5078,0
8648,1
5175,0
10142,1
689,0
14198,0
6525,0
15710,0
6488,0
10145,0
7154,0
13475,0
6610,1
10902,0
13726,0
13762,0
4349,0
14880,0
1884,0
13857,1
15023,0
2494,0
5947,0
3036,0
5777,1
11795,0
845,0
8734,1
11916,0
12379,1
11871,0
12415,0
7967,1
13590,0
7340,0
14445,0
13252,0
7137,0
2964,0
2529,0
5772,1
1048,0
7045,0
1960,0
2530,0
11138,0
8429,1
4917,1
9325,0
5901,0
8286,0
4259,1
13734,0
13844,0
5656,0
12553,0
6097,0
5907,0
7373,1
2978,0
14210,0
14914,0
6721,0
7842,0
12686,0
8264,1
14074,1
12111,0
3138,0
8325,0
15883,0
12265,0
14802,0
11421,0
1826,1
5548,0
8785,0
10917,1
12329,0
560,0
14132,0
12777,0
8435,0
5435,0
4437,0
10382,0
8597,1
1442,0
8453,0
4406,0
15267,0
1689,0
15789,0
9917,0
14424,0
5962,0
2496,0
13104,0
340,1
2408,0
9793,0
13372,0
5782,1
4576,0
3725,0
15913,1
2785,0
9715,0
13788,0
15059,0
1012,0
5280,0
4895,1
9958,0
15884,0
7121,0
6549,1
4037,1
148,1
285,0
15458,1
8555,0
12135,1
15073,0
9732,0
12917,0
6770,0
4443,1
7446,0
236,0
15358,0
10754,0
7123,0
13369,0
15304,1
12944,0
3083,0
15341,0
10294,0
632,0
6813,0
2493,0
2665,1
13604,0
12598,0
15755,0
13476,0
10526,0
10060,0
11811,0
12075,0
14818,1
4211,0
9686,1
10593,0
3874,0
9424,0
10853,0
2817,0
13215,0
15278,0
15700,0
14403,0
7426,1
12345,0
13789,0
13572,0
11253,0
14761,0
9777,0
1735,0
7397,0
11015,0
4255,1
13247,0
2475,0
10756,0
15966,0
3713,0
14399,0
1804,0
707,0
11238,0
14747,0
5189,0
13950,0
5472,0
72,0
7843,0
12640,0
13031,0
15461,1
5101,0
6764,0
9382,0
10793,1
1125,0
1241,1
14285,0
15127,0
2349,0
13834,0
11543,0
6602,1
12200,0
6780,0
9769,0
12098,1
11921,0
4358,1
1343,0
15973,0
15637,0
15333,0
8632,0
6652,0
1100,0
10829,0
9160,1
8841,0
9738,0
7327,1
7622,0
987,0
10658,0
2852,0
11695,0
8853,1
630,0
12960,0
1249,0
3179,0
482,1
9776,0
12868,0
9654,0
3040,1
5010,0
14005,0
7000,0
3273,0
7227,0
3683,0
6674,0
6807,0
12337,0
15578,0
1316,0
13146,0
3225,1
1072,0
4815,0
13541,0
10823,1
9852,0
5752,0
10617,0
14662,1
4616,0
3097,1
12168,0
15121,0
6869,0
1300,0
7285,0
6284,0
14533,0
14219,0
5495,1
5291,0
9600,0
10037,0
1798,0
12149,0
9667,0
5203,1
8227,0
5047,0
6441,0
8636,0
8105,1
2359,1
15036,1
3654,0
7052,0
11371,0
1286,1
14631,0
4445,0
11608,0
2137,1
6787,0
10828,1
12208,0
15711,0
9873,0
15602,0
13632,0
14380,0
6894,0
9884,0
13728,1
10733,0
11827,0
8564,0
7151,0
963,0
6012,0
4882,1
15560,0
140,1
13076,0
12611,0
12046,0
14479,0
8906,0
6936,0
6542,0
5243,0
11380,0
10030,0
4431,0
13385,1
406,1
8212,0
9196,0
13402,0
13178,0
10603,1
10737,0
13830,0
10582,0
9135,1
8234,0
11022,0
11563,0
11214,1
11556,0
4399,0
5252,0
11,0
4760,0
1177,0
10139,1
10693,0
2863,1
6471,0
12057,0
6228,0
9218,0
12040,0
2989,0
9153,0
11081,0
7117,0
11207,0
7010,0
11530,0
13713,0
11760,1
8927,0
12592,0
1440,0
15594,1
2875,0
12178,0
9108,1
14586,0
14104,0
12281,0
11339,0
7232,0
3726,0
2772,1
9816,0
454,1
9013,0
8189,0
1367,0
3712,0
15764,0
1388,0
9042,1
1000,0
7761,0
3553,1
4114,0
9829,0
1667,0
12781,0
3173,0
13930,0
9539,0
15063,0
488,0
3230,0
3828,0
10824,1
13874,0
12975,0
5208,0
7848,0
11424,0
5704,0
15439,1
8133,1
703,0
5105,0
15393,0
3291,1
8125,0
11865,0
10600,1
9519,0
15421,0
14463,0
4909,0
4440,1
14597,0
986,0
14234,0
15227,0
14811,0
14531,1
7705,1
12241,1
6257,1
11677,0
6089,0
10666,0
5238,0
12065,0
1198,0
12373,1
9710,0
14546,0
7519,0
6812,0
9991,1
9206,0
8320,1
9556,1
10225,0
7175,0
4470,0
891,0
10985,0
1969,0
12595,0
5757,0
6527,0
6294,0
15599,0
7595,0
9110,1
3249,0
6570,0
6638,0
7351,1
14710,0
9400,0
12060,0
7473,0
12504,0
12257,0
14769,0
13908,0
1239,1
2289,0
2740,0
8467,0
4585,1
9227,0
1229,0
9200,0
6980,0
5178,0
12020,0
10724,1
4293,0
1058,0
6262,0
11036,0
281,0
9235,0
9508,0
968,1
10573,0
3953,0
1939,0
15002,0
1274,0
619,0
14798,0
1742,0
1390,0
2203,0
9771,0
9847,0
3568,0
10544,0
10404,0
6116,1
15945,0
6052,0
3178,0
3192,0
9499,0
6099,0
7029,0
575,0
10552,0
6656,0
7115,0
14127,0
6276,0
9472,0
14407,0
13149,0
11083,0
5897,1
5724,0
10185,1
10831,0
269,0
629,0
11970,0
3081,0
3466,0
6430,0
14931,0
7062,0
12588,0
12215,0
15563,0
5543,0
10238,1
4356,1
14616,0
2113,0
8219,0
10232,1
12120,0
15197,0
3216,1
15429,0
3814,0
8321,1
13760,0
2278,0
4599,0
13,0
14794,0
12668,0
1525,1
2365,1
4648,0
11244,0
12197,0
10532,0
374,1
13648,1
6477,0
525,0
9131,0
15638,0
12765,0
6895,0
10339,0
3591,0
14201,0
11106,0
7904,0
2958,0
11815,0
529,0
3714,0
4732,0
9461,0
12473,0
1394,0
13042,0
12201,0
12582,0
9989,1
11171,0
9633,0
10574,0
15776,0
12003,1
5631,0
9465,0
6563,1
4703,0
1712,1
15610,0
955,0
6675,0
3453,1
9579,1
15043,0
12803,0
8595,0
2071,0
15582,0
10169,0
158,0
7005,0
12080,0
9094,0
352,1
13518,1
6078,0
6236,0
12732,0
12322,0
8946,0
11163,0
15955,0
2920,0
8503,0
4644,1
661,0
7057,0
10181,0
3665,0
7979,0
306,0
10527,0
4790,1
2356,0
11894,0
11996,0
1927,0
14963,0
3427,0
8941,0
3638,0
14490,0
1266,0
1560,0
15027,0
11787,0
10326,1
7179,0
13258,0
4109,0
13161,0
7867,0
4904,0
7294,0
514,1
894,0
8601,1
21,0
11577,0
15901,0
899,0
207,1
14408,0
458,1
10246,1
2430,0
8442,0
12398,0
9299,0
3389,0
9905,1
3911,1
5383,0
8907,0
552,0
9631,0
10462,0
3144,0
6917,0
2056,0
1925,0
634,0
6082,0
8508,0
14871,0
15495,0
13616,0
8619,1
13768,0
105,0
3041,1
12430,0
10361,0
1709,1
89,1
7014,0
10433,0
3174,0
917,0
7833,0
6732,0
1949,0
12236,1
11040,0
6368,0
1,0
8032,0
12529,0
6047,1
9127,0
14776,0
2720,1
13397,0
13621,0
8783,1
15696,0
3117,0
11128,0
15173,0
10640,0
9768,0
13399,0
3762,1
213,0
778,0
3496,0
14147,0
2043,0
8920,1
5420,0
6154,0
9759,0
8357,0
12894,0
11758,0
15118,0
12625,1
13631,0
10205,0
8465,0
12052,1
4167,0
10960,0
3788,0
13375,0
8586,0
583,0
15857,1
15968,0
116,0
6644,0
14480,0
15916,1
15631,0
14367,0
8712,0
1763,0
1875,0
13547,0
12157,0
11536,0
10445,1
3224,1
526,0
7725,0
2946,0
4473,0
12091,0
5655,0
8884,0
6059,0
959,0
12636,0
6342,0
3633,0
1050,0
8782,1
8711,0
3380,1
3676,0
5776,1
14498,0
6573,0
5179,0
1607,0
3610,0
15613,0
6635,0
15991,0
10001,1
791,0
8984,0
3056,0
10047,1
1980,0
11425,0
3598,1
933,0
12155,0
13779,0
7424,1
5626,0
13698,0
1682,0
4179,0
12218,0
13156,0
6446,0
4116,0
988,0
11703,0
11645,0
2896,1
3778,0
5658,0
11722,0
3093,0
3155,0
13261,0
11393,0
1823,1
15412,1
1098,0
10396,0
2844,0
9078,0
3342,0
38,0
6540,0
14987,0
8707,0
3356,0
13025,0
9645,0
11745,0
11801,0
12857,1
10698,0
11186,0
12191,0
7813,0
15565,0
9098,0
8220,0
14796,0
10699,0
2428,0
5043,0
5346,0
8954,1
11939,0
4811,0
8476,1
686,0
4799,0
7437,0
2353,0
6353,0
14325,0
4569,1
8213,0
2752,0
9077,0
8073,0
9109,1
1040,1
14226,0
7491,0
1265,0
12771,0
14861,0
7059,0
13507,0
277,0
5084,0
10276,0
9437,0
2382,0
571,0
1435,0
12094,0
13281,1
9439,0
5352,0
12873,0
11718,0
10706,1
5445,1
1007,0
12962,0
4543,0
12987,0
14146,0
14866,0
2064,1
13544,0
1136,0
9882,1
14839,1
13836,0
5343,0
10177,0
294,0
9739,0
10204,0
8780,1
11521,0
2403,0
10321,0
3998,0
14951,0
3741,0
11700,0
14791,0
2719,1
14762,0
12713,1
5150,1
2808,0
9017,0
556,0
14313,1
4795,0
2469,0
3738,0
4286,0
12643,1
13481,0
9908,1
2604,0
362,0
6924,0
1704,1
2139,1
3239,1
2383,0
7314,0
4311,0
9477,0
1312,0
15109,0
3930,0
6183,0
13894,0
1591,0
13634,0
15046,0
2162,0
2396,1
317,0
9516,0
11303,0
5233,0
14276,1
5068,0
4036,1
8987,0
3020,1
9903,0
11579,0
8228,0
12741,0
9105,0
5295,0
3972,0
5370,1
4133,0
974,0
7291,0
9175,0
954,0
9610,1
9752,0
12327,0
13774,0
14264,0
12457,0
9547,0
14921,0
5016,0
15568,1
9179,0
10874,0
7490,0
13239,1
1640,0
1290,0
11873,0
1380,0
1933,0
4675,0
14649,0
11352,1
10222,0
892,0
7287,0
4876,1
12261,0
7906,0
12447,0
8194,0
15035,0
10301,0
9041,1
10929,0
2466,0
7657,1
10106,0
9788,1
1913,1
13331,1
11362,0
13832,0
2736,1
726,0
7214,0
8245,0
1796,0
3845,0
6402,0
10745,0
10992,0
936,0
2265,0
824,0
12513,0
7274,0
11593,1
1389,0
3564,0
9076,0
5429,0
7827,0
13895,0
5690,0
13059,0
7878,0
1868,0
13373,0
8202,0
11607,0
13613,0
7486,1
9655,0
806,0
4805,0
14160,1
12260,0
10300,0
14672,0
15924,0
10426,1
9155,0
7511,0
8056,0
4494,0
2632,1
14272,0
8896,0
8623,1
7832,0
4388,0
145,1
6467,0
2033,0
14632,0
1165,1
11692,0
2050,0
3760,1
10816,0
12676,0
4435,0
3430,0
8190,0
14055,0
7069,0
4361,0
10616,0
9454,0
1771,1
3511,1
271,0
12984,1
15959,0
8436,0
12605,0
12764,0
2032,0
15345,0
12316,1
9005,1
15475,0
3810,0
15731,1
13585,0
14395,0
9996,1
14717,0
4346,0
10653,0
545,0
3241,0
8930,0
8502,0
11713,0
9323,1
13737,0
15865,0
12303,0
10961,0
7564,0
920,0
14620,0
11779,0
6640,0
12151,0
7694,0
8230,0
12651,0
7126,1
4278,0
2983,0
13482,0
130,0
13409,0
7980,0
2667,0
7138,0
3223,1
9374,1
7693,0
5392,0
614,0
15842,0
1466,1
4497,0
3042,1
9126,0
2419,0
5085,0
3294,1
6737,0
1500,0
13014,0
9018,0
1521,1
15545,0
11122,0
4232,0
7686,0
8820,0
4430,0
12045,0
390,0
12537,0
15778,0
7124,0
5913,0
12182,0
8592,0
4806,0
13327,0
14359,0
11551,0
8238,0
13849,0
8044,0
15654,0
3993,1
11834,0
11918,0
15294,0
13400,0
6609,1
5319,1
15745,0
7119,0
2421,0
5604,1
1750,1
15714,0
14456,1
12254,1
15550,0
338,1
8407,0
11855,0
1341,0
15285,0
7982,0
15725,0
12086,0
3640,0
329,1
14164,0
3004,1
6960,0
4090,0
11307,0
9828,0
2322,0
6667,0
7009,0
4197,1
3549,1
9650,1
8363,1
4203,0
14929,0
11761,1
12418,1
14329,1
13350,0
14426,0
6185,0
1639,0
9130,0
60,0
1240,1
5760,0
5136,0
2343,0
2120,0
1524,1
7617,0
153,1
481,1
6122,0
12652,0
7674,1
7101,0
12112,0
1762,0
8942,0
7715,1
9977,1
14562,0
7479,1
6212,0
12693,0
4853,1
2711,0
6766,0
4150,0
12385,0
1333,0
15081,0
11046,0
8378,0
9328,0
15049,0
15532,0
10250,0
14625,0
3850,0
8340,0
4124,0
13081,0
14375,0
11555,0
4788,1
2866,1
11968,0
1386,0
5941,0
3067,1
14525,1
13887,0
3629,0
15158,0
12989,0
14352,0
3028,0
2969,0
11664,1
9900,0
11145,0
8646,1
6136,0
14602,0
8801,0
4263,0
13018,0
645,0
15462,1
2074,0
12244,0
341,1
8041,0
1622,0
12875,0
13689,1
7141,1
5796,0
7184,0
14955,0
8232,0
5475,0
10281,0
12116,0
10367,1
14843,1
74,0
15826,0
15882,0
10849,0
11372,0
10268,0
8633,0
14800,0
2051,0
2541,1
1301,0
5877,0
7368,1
11622,0
1304,0
8428,1
14579,1
2599,0
12808,0
2573,0
11472,0
3186,0
12145,0
2768,0
4831,0
4223,1
15455,0
2106,0
2679,0
10953,0
12880,0
13591,0
1387,0
15489,0
15205,0
14321,0
15470,0
7083,0
13364,0
13192,0
14045,0
1279,0
13221,0
804,0
1555,0
15199,0
11382,0
4566,1
12994,1
15483,0
4841,1
3594,0
6035,0
6852,0
10112,0
8705,0
4177,0
1308,0
13859,1
9106,0
3452,1
3695,0
4242,0
11348,1
2198,0
8966,1
4425,0
6150,0
14289,0
943,0
822,0
5005,0
6612,1
12469,0
8356,0
5619,0
4547,0
12175,0
2538,0
15608,0
9503,0
5207,1
15242,0
14447,0
13575,0
3054,0
3675,0
7776,0
7218,0
6722,0
3300,0
3310,0
7221,0
8519,1
14078,0
10682,0
14294,0
14295,0
5954,1
10998,1
12600,0
832,0
11271,1
3462,0
13489,1
14956,0
7643,0
54,0
12256,1
3451,1
6305,0
10093,0
1481,0
4873,1
13087,0
8038,0
12342,0
3335,0
6016,0
4926,0
9138,1
5797,0
11485,1
10353,0
15727,0
5083,0
6645,0
12481,1
11249,0
5490,0
768,0
2065,0
15219,0
11687,0
7311,0
8477,1
15896,0
4524,0
11568,0
10524,0
2717,1
2079,0
11581,0
8914,1
951,0
8058,0
2482,0
10454,0
9181,0
11404,0
1759,0
9984,1
4422,0
6704,0
13671,1
9916,0
5182,0
8533,0
3701,0
4243,0
688,0
3432,0
13395,0
4944,1
966,1
15533,1
15196,0
10395,0
2713,0
4757,0
13290,1
12350,0
15287,0
6320,1
13472,0
5975,1
3572,0
12997,1
5299,0
1990,0
12312,0
12951,0
1205,0
13490,1
13050,0
4971,0
15562,0
13226,0
6783,0
3600,1
6490,0
8609,0
15956,0
14499,0
8070,0
8577,0
7973,0
14925,0
1625,0
536,0
8766,0
7970,1
13224,0
4212,0
6456,0
3507,1
8393,0
9524,0
7112,0
11694,0
2708,0
14222,0
5031,0
6514,0
4662,0
4021,0
1854,0
15111,0
2872,0
3030,0
9397,0
1645,0
3417,0
3476,1
15295,1
11053,0
1792,0
13718,0
3797,0
3368,0
11559,0
11725,0
7196,1
15442,1
5109,0
6024,0
11641,0
8795,0
11248,0
14902,0
126,0
5959,0
3876,0
11127,0
13635,0
4451,0
7147,0
3531,0
10922,0
827,0
9831,0
7790,0
984,0
11473,1
11197,0
7783,0
10380,0
15340,0
2443,0
8554,0
10541,0
345,1
814,0
6166,0
12999,0
11397,0
15709,0
15648,0
14153,0
11517,0
12298,0
5779,1
2116,0
10026,0
793,0
15907,0
6898,0
2674,0
94,0
4225,1
3756,0
2891,1
2371,0
14382,0
11420,0
15047,0
3228,0
14350,0
7863,0
6359,0
14188,0
14756,0
13102,0
7326,1
6028,1
11045,0
13429,0
11104,0
1865,0
13946,0
4612,0
10049,1
2645,1
2243,0
5373,1
2336,0
950,0
11260,0
1120,0
10789,1
2204,0
419,1
922,0
9446,0
8669,0
10227,1
5408,1
5788,1
5742,0
7667,0
5567,0
8135,0
1202,0
10818,0
5765,0
8389,0
1970,0
11302,0
4018,0
10343,0
3687,0
13108,0
1997,1
4033,1
15830,0
11246,0
1248,0
2192,0
2712,0
9184,0
2190,0
4670,0
5142,0
5984,0
6565,1
7804,0
11954,0
6943,1
11789,0
12903,1
9510,0
10055,1
10535,0
10641,0
2136,1
1065,0
14060,0
600,0
4227,1
10813,1
7577,0
77,0
7546,0
2898,0
14340,0
4820,0
9506,0
14916,0
14139,0
6413,0
9444,0
9064,0
12042,0
8007,1
5468,0
5951,1
15630,1
11157,0
3391,0
5415,0
2560,0
15820,0
8162,0
2635,1
5256,0
3530,0
8567,0
1908,1
12621,1
14856,0
235,0
12219,0
1604,0
7984,0
9310,0
11869,0
3490,0
15761,0
14231,0
11150,0
1994,0
2824,0
15774,0
10568,0
13924,0
1342,0
8512,0
1619,0
11905,0
5287,0
2060,1
15957,0
2219,0
9865,1
6038,0
260,0
15015,0
10231,1
12977,0
9093,0
3744,0
14594,0
2026,0
6988,0
4234,0
1917,1
1828,0
9765,0
12607,0
12941,0
6233,0
14965,0
12846,0
6283,0
4208,0
12819,0
224,0
8915,1
10002,1
9333,0
13721,0
6469,0
13956,0
15092,0
13746,0
15570,1
10954,0
846,0
4289,0
5560,0
13234,0
14309,1
2551,0
13917,0
11120,0
117,0
8837,0
5966,0
8195,0
12362,0
14043,0
8659,0
7489,1
5,0
5342,0
9111,1
10787,1
4324,0
1063,0
2590,1
8434,1
13046,0
9352,1
11062,0
3735,0
13918,0
10589,0
3517,1
6986,0
11613,1
10755,0
6767,0
5622,0
1605,0
1733,0
10516,1
10901,0
14976,0
9504,0
11640,0
3812,0
14277,1
15414,0
10554,0
10167,0
11706,0
1761,0
5401,0
2739,0
13829,0
15424,0
2472,0
6738,0
6891,0
12199,0
7943,1
12910,0
14369,0
9685,1
4206,0
6371,0
10350,1
9361,1
10348,1
232,0
8258,0
7561,0
9795,0
6168,0
11475,1
3596,0
6288,1
4632,0
125,0
7641,0
6229,0
13542,0
1296,0
1976,0
15190,0
15129,0
10267,0
12772,0
5750,0
8152,0
15534,1
3086,0
14877,0
6882,0
14920,0
7673,1
3345,0
8172,0
15104,0
5870,0
6506,0
2797,0
918,0
1646,0
5122,0
5126,0
13170,0
13623,0
4621,0
6809,0
364,0
11479,1
2125,0
8150,0
12315,1
12761,0
8717,0
13013,0
55,0
638,0
302,0
10958,0
5811,0
1276,0
14178,1
12912,0
10247,1
13568,0
13337,0
4432,0
3644,0
4143,0
2878,0
12394,0
6493,0
13367,0
10478,0
10453,0
5240,0
15077,0
10488,0
6937,1
7240,0
14124,0
9945,0
13389,1
10160,0
2593,1
11309,0
2393,0
523,1
6376,0
6981,0
13716,0
6677,0
3900,0
15430,0
12891,0
5585,0
15009,0
7956,0
7570,0
11314,0
6777,0
12348,0
10161,0
671,0
4188,1
666,0
3266,1
1887,0
11458,1
8472,1
9911,1
11139,0
12647,1
9091,1
7687,0
6031,1
15733,1
6090,0
6238,0
7350,1
7830,0
760,1
6254,1
1906,1
12234,0
12015,1
12330,0
3818,0
6269,1
4300,0
5569,0
14388,0
7941,1
10785,0
4164,0
11223,0
5971,1
3579,0
2832,1
5449,0
3472,1
6327,0
137,0
7043,0
4892,0
2180,0
10320,0
7730,0
3177,0
4854,1
4637,0
5115,0
14915,0
7648,1
4261,1
12536,0
1331,0
10209,0
12734,0
10674,1
7002,0
9550,0
6941,1
8017,0
6241,0
9521,0
15969,0
6881,0
13051,0
10342,0
4530,0
10314,0
4673,0
12173,0
6996,1
1252,0
11470,0
3374,1
2814,0
4719,1
6544,0
10040,0
4858,0
7901,1
11229,0
8580,0
8427,1
1077,0
10176,0
4363,0
12154,0
770,0
10357,0
12725,0
8865,1
249,1
14489,0
9766,0
7239,0
14430,0
3419,0
10273,0
10015,1
15373,0
4976,0
4544,0
5565,0
7939,1
716,0
15460,1
12338,0
2048,0
5997,0
6600,0
7245,0
13456,0
4178,0
4809,0
10916,1
15194,0
7140,1
7190,0
1460,0
5989,0
9860,0
10948,0
2000,1
12763,0
12805,0
8175,0
404,0
384,0
15144,0
15200,0
10344,0
1633,0
15299,1
13772,0
4784,0
15159,0
6970,0
3925,1
13528,0
4158,0
7449,0
13140,0
14090,0
15218,0
13550,0
8415,0
2193,0
11328,0
12661,1
10016,1
1015,1
5124,0
13164,0
7418,1
7409,0
8989,0
2871,0
9,0
14785,1
10136,1
1838,0
4804,0
255,0
7026,0
5713,0
12677,0
3324,0
7714,1
1581,0
11148,0
924,0
2779,0
10700,0
7891,0
6132,0
13216,0
5320,0
7312,0
7102,0
14837,1
6042,1
3775,0
4835,0
12328,0
4964,0
10971,0
539,0
7483,1
2745,0
3719,0
15276,0
6819,0
13659,0
9337,0
13319,0
4468,0
667,0
7575,0
11211,0
8549,0
5063,0
11023,0
10975,0
1353,0
13323,0
7114,0
15644,0
8662,0
2703,0
3330,1
8053,0
11829,0
9588,0
3584,0
15136,0
13454,0
5645,1
3376,1
1256,0
6190,0
11704,0
13843,0
13970,1
9442,0
13987,0
5348,0
11003,1
12490,1
11476,1
11125,0
4175,0
13460,0
4910,0
1852,0
6316,1
15007,0
12972,0
15767,0
2105,0
133,0
13428,0
5029,0
928,0
823,0
7576,0
11632,0
1531,0
1214,0
504,1
12477,0
14683,0
10188,1
6530,0
3072,1
10150,1
9576,1
9086,1
13116,0
8647,1
6619,0
13971,1
9273,0
3709,0
15351,0
4849,0
4748,0
4268,0
11714,0
12326,0
11794,0
15803,0
8905,0
4186,1
10406,0
5301,0
2923,0
6588,0
1810,0
3486,0
7419,1
3141,0
10019,0
9347,0
1324,1
4312,0
7494,0
8702,0
9872,0
8691,0
15222,0
10048,1
9580,1
13807,0
11911,0
10578,0
5541,0
11428,0
6172,0
1540,0
9409,0
2681,0
15807,1
11185,0
13704,0
6313,0
1191,0
13964,0
5293,0
1542,0
11493,0
11516,0
7056,0
2539,0
953,0
7241,0
6731,0
4846,0
6801,0
8010,0
4330,0
8924,1
5334,0
7330,0
9348,0
4729,0
11486,1
6541,0
11174,0
5305,0
5161,0
7860,0
2156,0
1062,0
10808,1
1167,1
11414,0
3636,0
7651,1
5588,0
11130,0
7192,0
4491,0
7266,0
11332,0
4980,1
8335,0
15917,1
11769,0
4946,1
2782,0
717,0
10011,1
2502,0
4360,1
4171,0
8082,0
15617,1
14780,0
395,1
13923,0
14512,0
7186,0
15713,0
4492,0
1365,0
15258,0
14191,0
8787,0
14397,0
12144,0
13584,0
5917,0
4968,0
2914,0
15869,0
10518,1
5644,1
3766,1
3440,0
12043,0
12324,0
7357,0
6806,0
9879,1
2143,0
5104,0
5073,0
1571,0
4079,1
1122,0
2786,1
14527,1
2967,0
2504,0
5988,0
11657,0
8867,1
11000,1
7164,0
11540,0
728,0
7587,1
7543,0
412,1
11338,0
9708,1
5745,0
7668,0
825,0
3267,1
3974,0
8808,0
8306,1
417,1
11261,0
9817,0
6748,0
8967,0
12377,1
11088,0
15445,1
2082,0
8945,0
10738,0
12161,1
3373,0
5726,0
4107,1
10636,0
4380,1
7723,0
1066,0
3913,0
13479,0
5536,1
8002,1
5387,0
5732,0
11690,0
2738,0
5052,0
4000,0
9760,0
2427,0
11938,0
6833,0
10123,0
1687,0
851,0
11738,0
6303,0
9087,1
12784,1
14593,0
5878,0
8527,0
2839,0
11279,0
4611,0
9540,0
9207,0
11008,0
9823,0
2489,0
11922,0
6905,0
7390,0
11443,0
2849,0
14069,1
6665,0
5881,0
10262,0
4452,0
9949,0
7421,1
13600,0
9827,0
12838,1
6484,0
2479,0
6617,0
10457,0
11151,0
13515,1
15541,0
11251,0
13245,0
14061,0
2141,1
13296,0
11310,0
5188,0
15529,0
12237,1
11548,0
2744,0
7253,0
13284,1
3506,0
1679,0
4249,1
3147,0
8130,1
10486,0
7004,0
15125,0
580,0
9662,0
12991,0
4070,0
13500,0
3343,0
13184,1
7404,0
12775,0
3672,1
559,0
5237,0
7805,0
13407,0
11041,0
512,1
12921,0
1081,0
1664,0
9204,0
1931,0
15478,0
1150,0
2838,0
5949,0
8308,1
8932,0
15662,0
14262,0
5177,0
11867,0
14098,0
830,0
8311,0
4752,0
15615,0
15556,0
15899,0
635,0
4465,0
12556,0
6799,0
7987,0
7079,0
6966,0
15202,0
4142,0
7027,0
9183,0
876,0
4869,0
5315,1
5222,0
4,0
3051,0
5691,1
3124,0
14599,0
15328,0
10852,0
2491,0
15338,0
13365,0
3854,0
13125,0
4777,0
9907,1
14640,0
7509,0
14905,0
6457,0
6293,0
1148,0
11453,1
574,0
3769,1
11928,0
4146,0
853,0
10174,0
10966,0
5919,0
13121,0
13403,0
9358,1
6614,1
6002,0
9163,0
10893,0
4495,0
8173,0
6655,0
12039,1
2368,0
12307,0
4780,0
12323,0
7992,0
2950,0
5625,0
6971,0
8716,0
10647,0
13208,0
1841,0
5986,0
537,0
2806,0
5801,0
5596,0
7206,0
7343,0
12533,0
7560,0
8096,0
11367,0
784,0
12249,0
1409,0
10729,1
154,0
7806,0
3009,1
1686,0
11093,0
4014,0
7455,0
12913,0
3863,0
2733,1
1895,0
5442,1
569,0
6709,1
5854,1
1816,1
10257,0
8319,1
3394,0
3327,1
15964,0
6102,0
2975,0
980,0
10492,0
190,0
9331,0
5088,0
699,0
15616,0
606,0
12468,0
301,0
14832,0
3420,0
15684,1
1060,0
14056,0
15825,0
10757,0
3444,0
1069,0
10716,1
2205,1
9435,0
7339,0
8208,0
7679,0
11312,0
13503,0
4642,1
7683,0
12946,0
9007,1
7996,0
11259,0
12740,0
5600,1
9151,0
7022,0
14619,0
4893,1
225,0
14362,0
3354,0
5895,1
10677,0
8754,0
3436,0
14565,0
14373,0
1693,0
6893,0
1045,0
3446,0
12757,0
8050,0
9146,0
15963,0
10927,0
11296,0
4735,0
4496,0
1218,0
13446,1
13703,0
6015,0
9719,1
3987,0
4911,0
9492,0
4493,0
6944,1
5699,0
8352,0
12259,0
13992,0
956,0
11983,0
11426,0
2869,1
11969,0
4433,0
4973,0
14207,0
2961,0
14172,0
2200,0
98,0
15759,0
2557,0
11375,0
15586,0
8445,0
12115,0
4199,1
9637,0
5539,0
1648,0
12874,0
12915,0
12183,0
9888,0
11383,0
6197,0
6295,0
4499,0
1154,0
2255,1
15151,0
9874,0
3170,0
7400,0
10248,0
7158,0
12282,0
15781,0
3108,0
4548,0
11915,0
14589,0
5423,0
15232,0
2049,0
13168,0
11835,0
9208,0
8815,0
14681,0
15675,0
14075,1
262,0
13922,0
11561,0
4061,0
5534,1
14486,0
14257,0
6616,0
8120,0
8155,0
1802,0
4736,0
15977,0
2385,0
6694,0
5759,0
1959,1
2976,0
8680,0
1843,0
1734,0
2911,1
11411,0
8338,0
13822,0
1986,0
9561,1
6546,1
14243,0
7098,0
2811,0
659,0
9986,1
2511,0
11589,0
4282,0
9339,0
11464,0
8800,0
6287,1
15087,0
11774,0
1930,0
7125,0
197,0
7777,0
2931,0
8004,1
2327,0
4389,0
8958,1
12688,0
4218,0
11447,0
202,0
3510,1
4931,0
14582,0
5535,1
9925,1
5791,0
10969,0
1707,1
5172,0
5249,0
13949,0
11666,1
6528,0
15756,0
5855,1
8164,0
854,0
13877,0
14555,0
4737,0
12289,0
10352,1
698,0
11344,0
11191,0
3696,0
1636,0
7280,0
7554,1
11649,0
3581,0
1291,0
12851,0
6585,0
13808,0
1853,0
5232,0
3763,1
3304,0
1495,0
13919,0
11935,0
11637,0
7994,0
1998,1
663,0
12971,0
13545,0
15584,0
3748,0
4413,0
12936,0
5530,1
5575,0
8901,1
7526,1
9474,0
5864,0
13260,0
10867,0
6776,0
12221,0
1306,0
13688,1
13696,0
7392,0
10429,1
11494,0
5592,0
15707,0
10230,1
9721,1
1663,0
5450,0
15889,0
15919,0
3627,0
13931,0
13339,0
13083,0
2693,0
11252,0
9789,1
14892,0
10921,0
10817,0
5915,0
3157,0
11506,0
9914,0
13471,0
6668,0
1059,0
4636,0
3242,0
1678,0
6892,0
6374,0
7574,0
14820,1
1757,0
6019,0
12383,0
5116,0
8755,0
7408,0
2790,1
863,0
7858,0
1484,0
7035,0
7721,0
5977,1
5134,0
206,1
4488,0
6938,1
9062,0
12685,0
6910,0
502,1
7385,0
1028,0
3840,1
10882,0
13773,0
8110,0
14948,0
5056,0
9762,0
8154,0
10965,0
14183,0
2731,1
14434,0
8996,0
14039,0
11837,1
2454,0
12790,1
7215,0
3104,1
15265,0
13067,0
14151,0
8392,0
6278,0
3099,1
6184,0
15353,0
10470,0
3561,1
5892,1
12666,0
14624,0
12706,0
13986,0
391,0
6736,0
5618,0
5258,0
15422,0
9687,1
2695,0
2027,0
13440,1
5463,0
2568,0
8006,1
64,0
12076,0
2062,1
5276,0
7208,0
8684,0
8571,0
6331,0
4859,0
14552,0
12185,0
4887,0
9268,0
878,0
8529,0
7916,0
6863,0
7892,0
6439,0
7869,0
1016,1
9467,0
11990,0
7629,0
12743,0
11534,0
13103,0
14605,0
995,0
10173,0
4297,0
161,0
5675,1
6873,0
14737,1
12990,0
9692,0
7989,0
3843,0
13417,0
10805,0
11653,0
1021,1
3073,0
7555,1
3943,0
1585,0
10147,0
3152,0
14541,0
8226,0
12206,0
775,0
10748,0
15787,0
9670,0
7099,0
5486,1
6235,0
9555,1
7041,0
2612,0
7513,0
11016,0
10233,1
8433,1
10253,0
10555,0
8792,0
10627,1
5393,0
14502,0
11080,0
14356,0
8838,0
3890,1
3556,1
11394,0
1528,0
15167,0
1267,0
7734,0
1899,0
4658,0
3005,1
2734,1
15293,0
189,0
9998,1
9167,0
2747,0
15835,0
2047,0
7849,0
2558,0
9274,0
8666,0
15920,0
11096,0
13035,0
6396,0
12309,0
3385,0
4555,1
1184,0
6420,1
5051,0
5311,0
2433,0
6949,1
15773,0
13803,1
10583,0
769,0
15668,0
1685,0
8322,1
11111,0
11363,0
11636,0
14423,0
5578,0
4426,0
13526,0
466,0
6265,1
5734,1
11284,0
11964,0
5191,0
13418,0
5390,0
860,0
15795,0
7270,0
